date,equities_broad,duration_long,duration_intermediate,cash_bonds,tips,commodities,gold,usd,energy_equities,financials,equities_value,cyclical_equities,quality_equities,cash
2005-02-28,0.0,0.0,0.0,0.0,0.0,0.0,0.0,0.0,0.0,0.0,0.0,0.0,0.0,0.0
2005-03-31,0.0,0.0,0.0,0.0,0.0,0.0,0.08464139694885729,0.0,0.45767930152557135,0.0,0.0,0.45767930152557135,0.0,0.0
2005-04-30,0.0,0.0,0.0,0.0,0.0,0.0,0.0808930853353168,0.0,0.4595534573323416,0.0,0.0,0.4595534573323416,0.0,0.0
2005-05-31,0.0,0.0,0.0,0.0,0.0,0.0,0.08533445462872527,0.0,0.4573327726856373,0.0,0.0,0.4573327726856373,0.0,0.0
2005-06-30,0.0,0.01716996606784368,0.0,0.0,0.0,0.0,0.07680100916585275,0.0,0.4530145123831517,0.0,0.0,0.4530145123831517,0.0,0.0
2005-07-31,0.0,0.031301958790382584,0.0,0.0,0.0,0.0,0.06912090824926748,0.0,0.44978856648017496,0.0,0.0,0.44978856648017496,0.0,0.0
2005-08-31,0.009599917308456402,0.028171762911344326,0.0,0.0,0.0,0.0,0.06220881742434073,0.0,0.4500097511779293,0.0,0.0,0.4500097511779293,0.0,0.0
2005-09-30,0.008639925577610763,0.035442244691265834,0.0,0.0,0.0,0.0,0.05598793568190666,0.0,0.4499649470246084,0.0,0.0,0.4499649470246084,0.0,0.0
2005-10-31,0.007775933019849687,0.03189802022213925,0.0,0.0,0.0,0.0,0.06237434316676316,0.0,0.448975851795624,0.0,0.0,0.448975851795624,0.0,0.0
2005-11-30,0.006998339717864718,0.028708218199925327,0.0,0.0,0.0,0.0,0.07041328992047564,0.0,0.4469400760808672,0.0,0.0,0.4469400760808672,0.0,0.0
2005-12-31,0.006298505746078246,0.025837396379932796,0.0,0.0,0.0,0.0,0.08344599641350492,0.0,0.4422090507302421,0.0,0.0,0.4422090507302421,0.0,0.0
2006-01-31,0.0029376112263558413,0.012050513046329363,0.0,0.0,0.0,0.0,0.051288801217701414,0.0,0.22597160282560058,0.0,0.0,0.22597160282560058,0.0,0.0
2006-02-28,0.00255089482716169,0.010464145533872784,0.0,0.0,0.0,0.0,0.0567021133423823,0.0,0.21514142314829166,0.0,0.0,0.21514142314829166,0.0,0.0
2006-03-31,0.002295805344445521,0.009417730980485506,0.0,0.0,0.0,0.0,0.06490362340672728,0.0,0.21169142013417092,0.0,0.0,0.21169142013417092,0.0,0.0
2006-04-30,0.002066224810000969,0.008475957882436956,0.0,0.0,0.0,0.01565332693376826,0.05841326106605456,0.0,0.2076956146538697,0.0,0.0,0.2076956146538697,0.0,0.0
2006-05-31,0.001859602329000872,0.0076283620941932605,0.0,0.0,0.0,0.035804677905378196,0.052571934959449104,0.0,0.20106771135598936,0.0,0.0,0.20106771135598936,0.0,0.0
2006-06-30,0.0016736420961007848,0.006865525884773935,0.0,0.0,0.0,0.05010321958791884,0.047314741463504194,0.0,0.19702143548385118,0.0,0.0,0.19702143548385118,0.0,0.0
2006-07-31,0.0015062778864907065,0.006178973296296541,0.0,0.0,0.0,0.04509289762912696,0.05718501679884902,0.0,0.19501841719461843,0.0,0.0,0.19501841719461843,0.0,0.0
2006-08-31,0.0013556500978416357,0.005561075966666887,0.0,0.0,0.0,0.04058360786621426,0.0661638016458893,0.0,0.193167932211694,0.0,0.0,0.193167932211694,0.0,0.0
2006-09-30,0.0012200850880574722,0.005004968370000198,0.0,0.0,0.0,0.036525247079592836,0.07500234210474906,0.0,0.19112367867880029,0.0,0.0,0.19112367867880029,0.0,0.0
2006-10-31,0.0011821081283741386,0.00484918129919313,0.0,0.0,0.0,0.035388344539480684,0.08892052634486575,0.0,0.20396145190432904,0.0,0.0,0.20396145190432904,0.0,0.0
2006-11-30,0.0010062117092362037,0.004127628333093611,0.0,0.0,0.0,0.030122596902438778,0.09041055606182595,0.0,0.1917054471795534,0.0,0.0,0.1917054471795534,0.0,0.0
2006-12-31,0.0008894420291938974,0.0036486219417301447,0.0,0.0,0.0,0.026626905121023177,0.09435678578761297,0.0,0.18723912256021996,0.0,0.0,0.18723912256021996,0.0,0.0
2007-01-31,0.0010218999749408493,0.004191983905012716,0.0,0.0,0.0,0.030592250852578277,0.12698032351053212,0.0,0.23775191450013802,0.0,0.0,0.23775191450013802,0.0,0.0
2007-02-28,0.0010983637018141409,0.004505649351954996,0.0,0.0,0.0,0.03288131785619197,0.15987106628451883,0.0,0.2819609104264993,0.0,0.0,0.2819609104264993,0.0,0.0
2007-03-31,0.0009825622238542788,0.004030614667848534,0.0,0.0,0.0,0.029414610791195252,0.17395453871514133,0.0,0.27464802371720115,0.0,0.0,0.27464802371720115,0.0,0.0
2007-04-30,0.0009177249125703725,0.0037646424866062686,0.0,0.0,0.0,0.027473599596318985,0.19062631273970182,0.0,0.281764802886869,0.0,0.0,0.281764802886869,0.0,0.0
2007-05-31,0.0008231881862714954,0.0033768389394925463,0.0,0.0,0.0,0.02464348772956394,0.1953484107550902,0.0,0.27974419540062634,0.0,0.0,0.27974419540062634,0.0,0.0
2007-06-30,0.0007385830551868007,0.0030297762557802187,0.0,0.0,0.0,0.02211069444545796,0.19858385120826513,0.0,0.27839949250156837,0.0,0.0,0.27839949250156837,0.0,0.0
2007-07-31,0.0006711385947600412,0.002753109165532362,0.0,0.0,0.0,0.020091633967340577,0.20344233455243727,0.0,0.2809209854583812,0.0,0.0,0.2809209854583812,0.0,0.0
2007-08-31,0.0006772835038272278,0.0027783164857584967,0.0,0.0,0.0,0.02027559189302752,0.2356324939061503,0.0,0.31255282349972036,0.0,0.0,0.31255282349972036,0.0,0.0
2007-09-30,0.0006041777421730673,0.0024784259057282197,0.0,0.0,0.0,0.01808705108263917,0.2426998247270509,0.0,0.30639859359273697,0.0,0.0,0.30639859359273697,0.0,0.0
2007-10-31,0.0005421045138754911,0.0022237923991849976,0.0,0.0,0.0,0.016228787242855116,0.25085730510815707,0.0,0.3020728515114621,0.0,0.0,0.3020728515114621,0.0,0.0
2007-11-30,0.0004938325694176182,0.0020257737875857716,0.0,0.0,0.0,0.014783687457934921,0.2597445761522875,0.0,0.30379393607863586,0.0,0.0,0.30379393607863586,0.0,0.0
2007-12-31,0.000430819555754388,0.0017672851433347557,0.0,0.0,0.0,0.012897289602729903,0.25637055713235357,0.0,0.2930205027206069,0.0,0.0,0.2930205027206069,0.0,0.0
2008-01-31,0.00033317629203299037,0.0013667381230877856,0.0,0.0,0.0,0.009974178445982538,0.22218482493448,0.0,0.2514910762171644,0.0,0.0,0.2514910762171644,0.0,0.0
2008-02-29,0.0002855226936715835,0.001171256058066186,0.0,0.0,0.0,0.03351252915966589,0.22071580621674494,0.0,0.23040749110160735,0.0,0.0,0.21552076553148078,0.0,0.0
2008-03-31,0.00023838499474884437,0.0009778902883734182,0.0,0.0,0.0,0.04994667697726548,0.2087676620394597,0.0,0.21099857970628322,0.0,0.0,0.17993987062402889,0.0,0.0
2008-04-30,0.0002125002084135628,0.0008717070900535687,0.0,0.0,0.0,0.06775492461249183,0.20931332663835964,0.0,0.2061075045072563,0.0,0.0,0.16040128721105681,0.0,0.0
2008-05-31,0.00019266697212904746,0.0007903482395517719,0.0,0.0,0.0,0.08451004576457834,0.1897775309056927,0.0,0.20780332417186137,0.0,0.0,0.16636299543207553,0.0,0.0
2008-06-30,0.0001732528140798981,0.0007107085095712344,0.0,0.0,0.0,0.09864587686324268,0.1706545284602467,0.0,0.20798241893220504,0.0,0.0,0.17071784010363922,0.0,0.0
2008-07-31,0.00012015042929071292,0.0004928747217125536,0.0,0.0,0.0,0.08794149074786442,0.11834852417142848,0.0,0.15946992994928053,0.0,0.0,0.13362702998042347,0.0,0.0
2008-08-31,0.00010813538636164162,0.0004435872495412982,0.0,0.0,0.0,0.1007848516722123,0.12203508899097401,0.0,0.1563640097185298,0.0,0.0,0.12026432698238113,0.0,0.0
2008-09-30,9.732184772547746e-05,0.0003992285245871684,0.0,0.0,0.0,0.11086380426087038,0.10983158009187662,0.0,0.15564888986873715,0.0,0.0,0.12315917540620337,0.0,0.0
2008-10-31,8.758966295292971e-05,0.00035930567212845156,0.0,0.0,0.0,0.12001524380857495,0.11676671743081934,0.0,0.15192788555994147,0.0,0.0,0.11084325786558304,0.0,0.0
2008-11-30,7.883069665763675e-05,0.0003233751049156064,0.0,0.0,0.0,0.12465439121281645,0.12512898848605666,0.0,0.13673509700394731,0.0,0.0,0.09975893207902474,0.013320385416581744,0.0
2008-12-31,7.094762699187308e-05,0.017499234295735716,0.0,0.0,0.0,0.1121889520915348,0.13121437984887913,0.0,0.12306158730355259,0.0,0.0,0.08978303887112227,0.026181859962183772,0.0
2009-01-31,6.385286429268577e-05,0.03543916463885633,0.0,0.0,0.0,0.10097005688238132,0.13551792371494978,0.0,0.11075542857319733,0.0,0.0,0.08080473498401004,0.03644883834231264,0.0
2009-02-28,5.7467577863417196e-05,0.04773769575592205,0.0,0.0,0.0,0.0908730511941432,0.14336968039820508,0.0,0.09967988571587759,0.0,0.0,0.07272426148560904,0.04555795787237973,0.0
2009-03-31,5.1720820077075474e-05,0.05753421208829868,0.0,0.0,0.0,0.08178574607472888,0.15203258257255697,0.0,0.08971189714428983,0.0,0.0,0.06545183533704814,0.05343200596300052,0.0
2009-04-30,4.654873806936793e-05,0.06825433135252032,0.0,0.0,0.0,0.073607171467256,0.15709566497663488,0.0,0.08074070742986085,0.0,0.0,0.05890665180334333,0.061348924232315374,0.0
2009-05-31,4.189386426243113e-05,0.07630703978264687,0.0,0.0,0.0,0.0662464543205304,0.16254683540085887,0.0,0.07266663668687477,0.0,0.0,0.05301598662300899,0.0691751533218178,0.0
2009-06-30,3.770447783618802e-05,0.08091886936799106,0.0,0.0,0.0,0.059621808888477366,0.17220305403598646,0.0,0.0653999730181873,0.0,0.0,0.04771438796070809,0.07410420225081368,0.0
2009-07-31,3.393403005256922e-05,0.08635780305271025,0.0,0.0,0.0,0.05365962799962963,0.1794317096957427,0.0,0.05885997571636857,0.0,0.0,0.042942949164637284,0.07871400034085912,0.0
2009-08-31,3.0540627047312303e-05,0.09023569542776054,0.0,0.0,0.0,0.04829366519966667,0.18722257599374045,0.0,0.05297397814473172,0.0,0.0,0.038648654248173556,0.0825948903588799,0.0
2009-09-30,2.7486564342581073e-05,0.09435297041066484,0.0,0.0,0.0,0.0434642986797,0.19425457098105162,0.0,0.047676580330258546,0.0,0.0,0.0347837888233562,0.08544030421062634,0.0
2009-10-31,4.433850168922841e-05,0.1788157420929397,0.0,0.0,0.0,0.0701121412051326,0.3548605020132174,0.0,0.0769069612034059,0.0,0.0,0.05610963452107162,0.1593158261479416,0.0
2009-11-30,3.6087517526389875e-05,0.16744286439684586,0.0,0.0,0.0,0.05706492164049883,0.32742679315866025,0.0,0.06259528862256407,0.0,0.0,0.045668151652278784,0.1502071365595131,0.0
2009-12-31,2.9235941685914702e-05,0.13565216326251497,0.014313631777869535,0.0,0.0,0.0462305759927348,0.3095866001796193,0.0,0.05071094753591813,0.0,0.0,0.03699759667960452,0.13600244237701364,0.0
2010-01-31,2.6503818053734013e-05,0.12297535315707867,0.027410020597896923,0.0,0.0,0.041910289321075156,0.32527063029003744,0.0,0.04597196633046899,0.0,0.0,0.033540139782605144,0.13772690828169132,0.0
2010-02-28,2.674286842101848e-05,0.12408452555177048,0.04753755267780765,0.0,0.0,0.04228829787949829,0.37082818267354917,0.0,0.04638660905906783,0.0,0.0,0.033842654036119434,0.15884944011843044,0.0
2010-03-31,2.38058486525831e-05,0.1307420489832287,0.04231676896232459,0.0,0.0,0.03764401047957396,0.37183000697385743,0.0,0.04129222704841973,0.0,0.0,0.030125904495435098,0.1608761409958803,0.0
2010-04-30,2.108393289065264e-05,0.11579325009485467,0.050541436960215,0.0,0.0,0.03333986543681743,0.3796246710357663,0.0168148412668384,0.03657095181523834,0.0,0.0,0.026681365488016057,0.1424818669548362,0.0
2010-05-31,2.2182136047068395e-05,0.1399014273405198,0.053173999200256256,0.0,0.0,0.03507644587686531,0.45748742624090405,0.017690679368280022,0.03847583051718246,0.0,0.0,0.0280711232693744,0.1674747373200116,0.0
2010-06-30,2.2331265834391257e-05,0.1685419091095921,0.053531486286937796,0.0,0.0,0.03531226369452539,0.5151030175359009,0.017809613236785315,0.03873450228846375,0.0,0.0,0.028259844528417843,0.19121368264014812,0.0
2010-07-31,1.910193740676607e-05,0.17376503148621664,0.04579028828582822,0.0,0.0,0.03020575079739673,0.48742454592950013,0.01523416181647274,0.033133098843728906,0.0,0.0,0.024173183253921596,0.1868112055111641,0.0
2010-08-31,1.6384284777406756e-05,0.17810581072657972,0.03927565604150814,0.0,0.0,0.02590834701429979,0.460268958926943,0.013066781668846575,0.028419218189948334,0.0,0.0,0.020734039169681476,0.18395508207106276,0.0
2010-09-30,1.505578525556424e-05,0.19203117704721007,0.03609103791626989,0.0,0.0,0.023807600653513266,0.471363312050188,0.01200727779455962,0.026114880936939467,0.0,0.0,0.019052845178182412,0.18922897738440614,0.0
2010-10-31,1.3554016470712605e-05,0.19787191661955453,0.032491066660335584,0.0,0.0,0.021432864902653243,0.47526829989867614,0.010809588356458238,0.023510000995740882,0.0,0.0,0.017152381823696754,0.19143513321040953,0.0
2010-11-30,0.027188774252777888,0.2067364168335951,0.033946639903297174,0.0,0.02376849736612984,0.02239303974081568,0.5582211914490716,0.011293849083986084,0.024563229833967252,0.0,0.0,0.01792079451684211,0.2000112707862198,0.0
2010-12-31,0.08078260252871193,0.261209093698008,0.04289119052677687,0.0,0.030031224061349622,0.028293349112991986,0.7768196597006092,0.014269648902566701,0.031035359427704957,0.04013911200385362,0.0,0.02264271851949731,0.252711948729903,0.0
2011-01-31,0.06356368123206749,0.20553202109125177,0.03374887509150157,0.0,0.02363002792050379,0.022262583374515824,0.6608735894951692,0.011228053884670186,0.06870701247376566,0.03158340583845866,0.0,0.06210327435831049,0.1988460540980081,0.0
2011-02-28,0.05385514115901785,0.17413963121732123,0.02859416567418589,0.0,0.02002084310699498,0.01886225824180378,0.5599335935341246,0.009513112129114857,0.09412054279850081,0.07386027194747617,0.047100827768924866,0.05261779277372476,0.16847486024707076,0.0
2011-03-31,0.04987481702183328,0.16126932464198215,0.026480828945951194,0.0,0.018541143242681954,0.017468187032520757,0.5185500385085489,0.008810017326792187,0.1256634229809387,0.11609250088143983,0.09131079289054486,0.04872891854342182,0.15602322539256022,0.0
2011-04-30,0.04540158890133319,0.14680522189355952,0.024105786875253936,0.0,0.016878204543516847,0.015901480824579768,0.4720417452926074,0.008019854683567891,0.1595605957127281,0.15075977849289568,0.08312120883083111,0.08952627876935254,0.1420296406347134,0.0
2011-05-31,0.0380034322568507,0.12288341532073555,0.020177766035956793,0.0,0.01412791310852068,0.013310345825425118,0.4346891341309786,0.0067130250626054495,0.1767490365867143,0.12619357973272027,0.06957666692623772,0.11812676181574852,0.11888601163400433,0.0
2011-06-30,0.03216735642569117,0.10401256898883865,0.017079125579133023,0.0,0.011958330853946915,0.011266314984970289,0.407210798518633,0.005682125457089491,0.18919223799855636,0.10681440114305826,0.05889198188209529,0.1395724143390097,0.10062903488330334,0.0
2011-07-31,0.029534007278667215,0.09549768184045704,0.015680959681365795,0.0,0.010979373803907181,0.010344009136670005,0.4129981483715082,0.005216963818448923,0.2145598282158375,0.09807014474792296,0.05407084743127343,0.16900208285020327,0.09239113744252549,0.0
2011-08-31,0.02949689706599947,0.09537768663462745,0.01566125616659656,0.0,0.010965577948404836,0.010331011632630782,0.46169152270822433,0.005210408574016435,0.25673000725568057,0.09794691717864622,0.0540029060703749,0.2112295063270518,0.09227504568678249,0.0
2011-09-30,0.01603726585350446,0.051856210964471176,0.008514920338283886,0.0,0.005961911464870741,0.005616901998791075,0.2898730144172335,0.0028328643287432263,0.1606578783427874,0.053253084445135254,0.029361019214143788,0.13591955999603622,0.05016932581118793,0.0
2011-10-31,0.01157537133540039,0.05713627987206197,0.006145895797159903,0.0,0.0043031860733030985,0.004054165278824739,0.2417081560324457,0.002044703682507516,0.1159595791927942,0.038436989998090865,0.021192184708671707,0.09810396566784792,0.04898443493627933,0.0
2011-11-30,0.010415804834874212,0.05141263488611565,0.005530228733390087,0.0,0.003872113041471031,0.0036480379841828405,0.24636695308443557,0.0018398748415970555,0.12238321550214196,0.03458655231523754,0.019069250873626074,0.10631629373402507,0.04407740360626896,0.0
2011-12-31,0.008965837291446833,0.04425556415670329,0.004760374430408423,0.0,0.003333082373786417,0.003140200447082977,0.23670423807841648,0.0015837488055799318,0.12409073464017906,0.029771813647301158,0.016414650937992204,0.11026046337155644,0.037941458699385464,0.0
2012-01-31,0.007824218006489544,0.0610541486816335,0.004154236366922013,0.0,0.0029086812841195592,0.002740358996419877,0.22812336015687457,0.0013820902074807963,0.12453375632130394,0.025980971196888046,0.01432457485725283,0.09622100813034018,0.03311037605282105,0.0
2012-02-29,0.007178309776090125,0.07442055930720388,0.003811294048827864,0.0,0.0026685625681707814,0.0025141356947980917,0.23461723158753403,0.0012679952986444291,0.13192412290726507,0.023836178820714284,0.013142046355414293,0.08827772983247477,0.030377033962097247,0.0
2012-03-31,0.006376040206489104,0.0661030929471246,0.003385332320851069,0.0,0.0023703159600136896,0.002233148300174554,0.23070688075762208,0.0011262803163949902,0.1363247824583369,0.021172175521898255,0.01167325158309148,0.0975564420281096,0.02698200494792707,0.0
2012-04-30,0.005877598006081828,0.07962255495082855,0.003120686484804182,0.0,0.0021850182729684776,0.0020585735929068774,0.2378056153268631,0.0010382341904298527,0.14391719696198377,0.01951705644912268,0.010760703823580457,0.08993003973865929,0.02487270678133814,0.0
2012-05-31,0.005043727260889597,0.08870006865980318,0.002677946242633432,0.0,0.0018750238137261932,0.0017665181828271008,0.22671736840633733,0.000890937094377697,0.1396583631615282,0.01674811880004417,0.009234053632996293,0.07717142147751808,0.02134394851695174,0.0
2012-06-30,0.004527093766326838,0.10334667701480373,0.002403641813781563,0.0,0.0016829634474202447,0.0015855721453441678,0.22140409986917625,0.0007996776109252242,0.1427340993809077,0.01503259401143914,0.008288201260210898,0.0692666837516178,0.019157668779824263,0.0
2012-07-31,0.022298817107642997,0.09360246787027271,0.0021770105449438392,0.0,0.001524282507810404,0.0014360739026888847,0.20052865503728437,0.0007242787097303836,0.1498756924742436,0.013615221491456664,0.007506734755004427,0.0833352713442296,0.017351356891484402,0.0
2012-08-31,0.019884546521948303,0.10319017685232211,0.0019413077945228936,0.0,0.0013592499679617206,0.0012805916201351073,0.17881761847833183,0.0006458617795270488,0.15321375150852032,0.012141115102500478,0.006693988104537151,0.09387759510333196,0.015472742866229967,0.0
2012-09-30,0.044195689107145324,0.11677804459317635,0.0021969351648879728,0.0,0.001538233175034387,0.0014492172596603154,0.2023639503457089,0.0007309075145648488,0.19954297285248834,0.013739831872560478,0.007575438527414837,0.13239355485517973,0.017510161446832467,0.0
2012-10-31,0.05004126495893258,0.13222377994165954,0.0024875144364698053,0.0,0.0017416887356117943,0.001640899063659928,0.2589294959787368,0.0008275815432619002,0.2575854525722846,0.015557141004388705,0.008577409566155709,0.18155446661582464,0.01982615603776083,0.0
2012-11-30,0.04497692102954018,0.1509205084520522,0.0022357696285407827,0.0,0.0015654239912587997,0.0014748345723124036,0.23272496213698238,0.0007438275140994647,0.2619652338497819,0.013982706132110086,0.007709346936205765,0.19362883879725518,0.017819682519247235,0.0
2012-12-31,0.07525507429038063,0.1916766404942119,0.0022280791246541676,0.0,0.0015600393133674405,0.0014697614999950714,0.2631663142856841,0.0007412689283153441,0.26106413714314375,0.013934609022961784,0.007682828657301132,0.19296280267335322,0.017758387144302026,0.0
2013-01-31,0.07738808769392691,0.2520242521076952,0.0022912313131525914,0.0,0.03206361848808673,0.0015114200992200077,0.30288240639847946,0.0007622792930600258,0.26846368207698945,0.014329568540302312,0.007900589076219057,0.19843209824404046,0.018261726994290083,0.0
2013-02-28,0.10003171386322006,0.2749557706003004,0.002053541820400658,0.0,0.02873737850067203,0.0013546272539684398,0.30885622520709777,0.0006832013852719031,0.24061359289180104,0.012843036884529811,0.0070809917709674436,0.17784699864864803,0.016367278100749658,0.0
2013-03-31,0.12569561866492557,0.31351060395476904,0.033566958369176544,0.0,0.026786831456731625,0.0012626820479780098,0.28789263602424287,0.0006368291511995802,0.22428196638884754,0.011971316883008053,0.006600370075891678,0.16577564922198823,0.015256350535939904,0.0
2013-04-30,0.14940280006854292,0.3342793818435944,0.06071221807471263,0.0,0.024001224306004567,0.0011313736419194683,0.25795420202744185,0.0005706042286947129,0.2009585117144465,0.010726399731578913,0.005913986615027803,0.14853636376804766,0.013669817271803773,0.0
2013-05-31,0.21774011909345342,0.4603960476766833,0.07076302514948268,0.0,0.02797458720902144,0.0013186706731433825,0.3006580926267534,0.0006650668130068356,0.23422686024997938,0.012502137428664774,0.048935790237236904,0.17312631259817163,0.01593283286410487,0.0
2013-06-30,0.20795463685395718,0.3561961312143035,0.054747463446877725,0.0,0.021643191305517423,0.0010202202961770177,0.2326111398052842,0.000514544438397139,0.18121506878379168,0.0571590198898189,0.08534676442391644,0.1339432062244221,0.012326807439197932,0.0
2013-07-31,0.21966396649196332,0.311606257226639,0.04789398503340271,0.0,0.018933821134331286,0.0008925055613450966,0.20349206606159911,0.0004501319710551561,0.15852993446133684,0.09648534003518722,0.12114444439992904,0.11717572852417328,0.0107836946925484,0.0
2013-08-31,0.24351949713712207,0.2901535365097523,0.04459669474762695,0.0,0.017630310798841232,0.000831060477680173,0.1894825320420475,0.0004191423640211595,0.14761584550967674,0.13796837309468174,0.1609298065468635,0.10910869482209162,0.01004128472750346,0.0
2013-09-30,0.26940124059973364,0.2734359041604873,0.042027189113639396,0.0,0.016614513929074672,0.000783177678480189,0.17856521100784292,0.0003949928463968172,0.13911073658065382,0.1808618842806744,0.20250036021428466,0.10282223328836301,0.00946274100748559,0.0
2013-10-31,0.2700101149110157,0.23586144155687452,0.03625198175550636,0.0,0.014331414223416373,0.000675556550660902,0.15402749763066173,0.0003407145175094711,0.11999469845296551,0.20504977649778758,0.2237147800658616,0.08869281538556283,0.008162409183085698,0.0
2013-11-30,0.28161502651700726,0.21184010575930975,0.03255989448033288,0.0,0.012871829684111047,0.0006067544156168955,0.13834054931803325,0.0003060144080631091,0.10777382450917952,0.23233094400898885,0.24909500812968258,0.07965988534348013,0.007331107675684592,0.0
2013-12-31,0.2907182362629666,0.19119741406984558,0.029387105924597083,0.0,0.01161753833688951,0.000547629424681367,0.12485999851540142,0.00027619493145579515,0.09727183847795492,0.2593277918262249,0.2744582870536937,0.07189745316724307,0.00661673022128809,0.0
2014-01-31,0.3061068272762485,0.1761087985873185,0.02706798072304725,0.0,0.010700723799038034,0.000504412470853131,0.11500649439813566,0.00025439861616966355,0.08959549319257265,0.2891967103338611,0.30313316104112475,0.06622356353703483,0.0060945615583575296,0.0
2014-02-28,0.2897635496336971,0.14603971721884945,0.022446352948794362,0.0,0.008873666109724164,0.0004182883262844365,0.09537011242460637,0.00021096221349703538,0.07429782381621941,0.2858947643171203,0.2974516844519998,0.054916452611979256,0.0050539669437021295,0.0
2014-03-31,0.2955702951130489,0.13037069802027967,0.02003801950368456,0.0,0.00792158507805109,0.0003734089746949874,0.0851375801312746,0.0001883274738768249,0.06632619767260184,0.30029010869633493,0.31060705379621495,0.0490243092506979,0.0045117123668110114,0.0
2014-04-30,0.3046031242629005,0.11770246438260756,0.018090907794047022,0.0,0.007151837795315533,0.0003371245012230125,0.07686468773423272,0.00017002753013415132,0.059881223601171756,0.3159514657953276,0.3252659044045851,0.04426057466198899,0.004073305368638418,0.0
2014-05-31,0.3310566863816943,0.11221200811555676,0.01724702284571164,0.0,0.006818226661086611,0.00032139868494358907,0.07327918756056191,0.00016209627123236944,0.05708794955101256,0.34837701867460524,0.3572569675040224,0.04219595561759712,0.0038832982595590846,0.0
2014-06-30,0.3846968338650341,0.1303933918855268,0.020041507558296076,0.0,0.007922964002817428,0.00037347397467644397,0.08515240018516941,0.00018836025638377927,0.11995953265634206,0.46515806840053636,0.47547680938987164,0.04903284300164703,0.004512497728813678,0.0
2014-07-31,0.33660688909854847,0.11409325509810092,0.017536171130563223,0.0,0.006932535000700873,0.00032678697017613867,0.07450772141176638,0.00016481383351700055,0.15953128986365622,0.46445009560941225,0.47347891778332285,0.04290337557660387,0.00394840219322714,0.0
2014-08-31,0.3521779297975593,0.10263028803136633,0.015774309292425393,0.0,0.006236022132050658,0.0002939546325086212,0.06702191906502687,0.00014825496205590308,0.1435031563841757,0.47777148205707115,0.48589317706433244,0.038592866766389886,0.003551705611397925,0.0
2014-09-30,0.3303291206076061,0.0831340885374691,0.012777736967211123,0.0,0.005051393949991378,0.00023811343526096475,0.05429007615958511,0.00012009165498890286,0.11624252778675083,0.44070008951318046,0.4472789438139852,0.03126155898238585,0.0028770045804289266,0.0
2014-10-31,0.3510593394305755,0.07688543609392713,0.011817317015206545,0.0,0.004671713295470453,0.00022021598638939866,0.05020944181304056,0.00011106514099690557,0.10750532782369594,0.46311432035854416,0.4691986846766518,0.028911829522897337,0.002660758729685328,0.0
2014-11-30,0.3635859163577488,0.06903913676062885,0.010611338206625484,0.0,0.004194956411750237,0.00019774254232805661,0.04508547647139043,9.973074028293822e-05,0.09653421255293657,0.46981596675263604,0.47527941056722484,0.025961324456725762,0.002389223436300336,0.0
2014-12-31,0.3749243806019858,0.06211758960804702,0.009547494114776466,0.0,0.0037743893251769157,0.00017791778212659974,0.040565413418236676,8.973219375093835e-05,0.08685613522790916,0.47693695924124796,0.48185266324111004,0.023358561157501297,0.0021496908545164187,0.0
2015-01-31,0.3052581976978934,0.044179479160405696,0.006790400592479209,0.0,0.0026844337584101875,0.00012653927812275335,0.02885106856290611,6.381962997681271e-05,0.061774110046241955,0.3816393255348447,0.38513548892094773,0.016613153736107045,0.001528910295903041,0.0
2015-02-28,0.29457547862317934,0.037002950729408686,0.005687365793611324,0.0,0.0022483734979799473,0.00010598419815477485,0.024164491949936407,5.3452749296273244e-05,0.05173950426384271,0.3576433337019372,0.36057157921266914,0.013914507840286989,0.0012805536286106447,0.0
2015-03-31,0.2999253328597544,0.03288170886579404,0.00505392955297951,0.0,0.0019979585769463043,9.418009859765643e-05,0.02147314669573461,4.7499394123708076e-05,0.04597696352664285,0.3554544032558363,0.3580565123977684,0.012364765155106778,0.0011379306453403006,0.0
2015-04-30,0.308546217070922,0.02969744307199141,0.0045645068448859506,0.0,0.0018044762010767533,8.505969467809467e-05,0.019393686446645676,4.289955119730179e-05,0.04152455283052178,0.3591217310476027,0.3614718518526082,0.011167360881122477,0.0010277334033275448,0.0
2015-05-31,0.3174654564109767,0.0267912742460654,0.004117827732944348,0.0,0.0016278915547157154,7.673581869937772e-05,0.01749583528032148,3.870143427411796e-05,0.037460992184777345,0.36147946276686693,0.3635996025662987,0.010074531576528495,0.0009271602068111665,0.0
2015-06-30,0.32978736660888647,0.024260247306407197,0.003728808053281875,0.0,0.0014741012817341063,6.948642762596223e-05,0.01584296763320613,3.504522994984661e-05,0.033921974983312154,0.3635812200997749,0.3655010659191997,0.009122769798031689,0.0008395694696455848,0.0
2015-07-31,0.339956634198335,0.021998923380408684,0.003381241816225614,0.0,0.0013366987047682053,6.300952245108162e-05,0.014366227461710547,3.177862611119663e-05,0.03076007095661133,0.3670781434726428,0.368819038383989,0.00827242654492654,0.0007613122901012513,0.0
2015-08-31,0.2866805886257674,0.016399135675939255,0.0025205525897155517,0.0,0.0009964443731309018,4.697055804429243e-05,0.010709329234984542,2.3689432077233675e-05,0.02293014836663414,0.304918132480695,0.3062158856186574,0.006166694748357795,0.0005675215700896045,0.0
2015-09-30,0.2843694177908939,0.014455027171023175,0.0022217424680367704,0.0,0.0008783164413447282,4.140222425042416e-05,0.009439744150800683,2.088106294802687e-05,0.020211791903252556,0.29985425952362227,0.30099816474163016,0.0054356364813606195,0.0005002422004364027,0.0
2015-10-31,0.24566208013598778,0.04213184800396699,0.0017223884792564857,0.0,0.0006809079546696938,3.209675067675029e-05,0.007318087855085645,1.6187880806946757e-05,0.01566903366169781,0.2324596705017045,0.25804807247719,0.00421393468757642,0.0003878088551059348,0.0
2015-11-30,0.24963265289507755,0.037994578271213685,0.0015532531087263373,0.0,0.0006140440499252203,2.8944908984875182e-05,0.0065994651309738365,1.4598260781409472e-05,0.014130363468452756,0.23608351486032209,0.25915918297726115,0.0038001340767637244,0.00034972674111529226,0.0
2015-12-31,0.24779138010577698,0.0632137776888084,0.001382139864483778,0.0,0.0005463982368248027,2.575620956886763e-05,0.005872438812801801,0.025030065069106322,0.012573700023306874,0.21007550888049725,0.2306090591594802,0.0033814944701351895,0.0003111992938277821,0.0
2016-01-31,0.24052711720386585,0.08898484106668657,0.0012251783638990007,0.0,0.0004843470006418931,2.2831228235798705e-05,0.005205540453355432,0.04723608630619153,0.011145778816289073,0.1862184681009745,0.20442014376513623,0.002997478018623762,0.00027585821916861547,0.0
2016-02-29,0.26002963598252393,0.12508748093576585,0.0012133129210683347,0.0,0.0004796562618762886,2.26101154236824e-05,0.005155126534474719,0.07477168767683277,0.011037835674910818,0.18441500449732853,0.20244040301819488,0.0029684484461842257,0.0002731866245458554,0.0
2016-03-31,0.2164902999366037,0.14116673810527489,0.001010155927829296,0.0,0.0003993426657223287,1.8824279975545583e-05,0.004291952667020551,0.08839959805130546,0.009189661581778266,0.1535365747276591,0.16854380233659763,0.0024714117374834877,0.017341904320634115,0.0
2016-04-30,0.2162324779115408,0.16348217889077613,0.0009055015810413508,0.0,0.00035796989873225114,1.687404370971729e-05,0.0038472970545182015,0.10009423246548192,0.00823759269464127,0.13762985231628794,0.1510822985699495,0.0022153681169840367,0.015545245390329145,0.0
2016-05-31,0.21742613226928884,0.18197331476470038,0.0008123566312573389,0.0,0.00032114711571374114,1.5138285333473147e-05,0.003451542592626312,0.11076370285063436,0.00739022790373599,0.1234724770546801,0.13554112955579137,0.001987482979807058,0.013946174630455752,0.0
2016-06-30,0.21863210460284646,0.1962359944315748,0.0007319201900073853,0.0,0.00028934835872480814,1.3639350318975539e-05,0.003109784068979139,0.12457786774572448,0.006658475850844432,0.11124670543609542,0.12212036620510348,0.001790690029778328,0.012565277850444253,0.0
2016-07-31,0.19769087089493068,0.21609692359320878,0.0006618146957464696,0.0,0.0002616337117196712,1.2332932749732215e-05,0.002811919694998276,0.13583198920322298,0.006020707215792692,0.10059116487856924,0.11042331405513282,0.0016191724089781188,0.02968929474420654,0.0
2016-08-31,0.23943771462826793,0.2772614777778156,0.022169090938125576,0.0,0.0002799962151776764,1.3198507444888277e-05,0.0030092714994873018,0.14536522310896807,0.006443264600859663,0.10765105636115689,0.11817326520957085,0.0017328124241105108,0.03177300855089806,0.0
2016-09-30,0.25186884836029644,0.30630058929722975,0.02078762815961197,0.0,0.000262548303106215,1.2376044908290035e-05,0.002821749305700179,0.1619612328470675,0.0060417537656591936,0.10094280080635411,0.11080932016743632,0.0016248325401930423,0.029793079432605965,0.0
2016-10-31,0.3174522768556942,0.3992127101447537,0.05202608404732679,0.0,0.00029278103948034384,1.3801160586586165e-05,0.003146676954684459,0.18061125342447487,0.0067374685986005415,0.11256647938107373,0.1235691396931533,0.001811933859297319,0.03322378648956631,0.0
2016-11-30,0.32338287602775817,0.41545913273283,0.047181785467770423,0.0,0.0002655193533541027,1.2516094761431795e-05,0.03795410445252955,0.16379401925362755,0.006110123485862169,0.10208509016724503,0.11206326107757253,0.001643219477241207,0.03013022400747595,0.0
2016-12-31,0.30159967932149573,0.38747364344874186,0.044003601989345,0.0,0.00024763386611223784,1.1673005734791167e-05,0.035397501167733124,0.1825480431254635,0.0056985431838159194,0.144567720696344,0.1538737581208845,0.0015325315721053938,0.02810064036216796,0.0
2017-01-31,0.45759582714653185,0.5267870930105167,0.05982479057836962,0.0,0.00033666889778395545,1.5869953638638116e-05,0.048124426151977144,0.24818192049633614,0.007747414692463853,0.26982741424689377,0.2824793726064028,0.0020835426240366616,0.0382040298699148,0.0
2017-02-28,0.44946504549888566,0.4637225542707291,0.05266284057411249,0.0,0.0002963644388697467,1.3970075453842603e-05,0.04236319020360356,0.2184707173417372,0.006819929679089898,0.30913387460927916,0.320271198444359,0.0018341104411434951,0.0336304183412452,0.0
2017-03-31,0.47249563731351685,0.4396205496250774,0.04992568660892181,0.0,0.0002809608812539694,1.3243980032372021e-05,0.0401613611191899,0.2071156900828403,0.006465463468001794,0.3698708440472779,0.3804293048783027,0.0017387824525305652,0.03188247554305496,0.0
2017-04-30,0.47843071587727726,0.3956584946625697,0.044933117948029636,0.0,0.00025286479312857247,1.1919582029134819e-05,0.03614522500727091,0.18640412107455628,0.0058189171212016146,0.4062914384949941,0.4157940532429164,0.0015649042072775087,0.028694227988749467,0.0
2017-05-31,0.48523054295854906,0.35609264519631273,0.040439806153226676,0.0,0.00022757831381571523,1.0727623826221338e-05,0.03253070250654382,0.16776370896710066,0.005237025409081453,0.43834084531099493,0.446893198584125,0.001408413786549758,0.02582480518987452,0.0
2017-06-30,0.4779214727278293,0.30808987238766705,0.034988351725885665,0.0,0.0001968998085400787,9.281495420444172e-06,0.02814542821685334,0.14514846173939164,0.004531052555397125,0.44633252778664856,0.45373198819134264,0.0012185537376879216,0.022343513809442727,0.0
2017-07-31,0.5019089348334971,0.2884350426090133,0.032756242984113615,0.0,0.00018433843419072936,8.689375299239285e-06,0.026349869030300496,0.13588860426335156,0.0042419905813559766,0.4906199871833698,0.4975473933346051,0.001140815167105304,0.020918092203798363,0.0
2017-08-31,0.5050651927224169,0.25795797787464575,0.02929510272580331,0.0,0.00016486058454720184,7.771225232934356e-06,0.023565648857486167,0.1215301346705601,0.0037937668829414496,0.5100552026252302,0.5162506345898246,0.0010202726096430778,0.01870781274382712,0.0
2017-09-30,0.49561054618764366,0.22390227545332078,0.025427553022351546,0.0,0.00014309563253988878,6.745265360855841e-06,0.020454503656751256,0.10548568380432101,0.0032929124527515995,0.5099407090198007,0.5153182178905015,0.0008855758630298828,0.016238000765120848,0.0
2017-10-31,0.5224200991540927,0.21026914606197072,0.023879301135418828,0.0,0.0001343827185250417,6.334554593145439e-06,0.01920905452308906,0.09906279250798329,0.003092411133808507,0.5503977278264399,0.5554478069106905,0.0008316542568197669,0.015249289216569008,0.0
2017-11-30,0.5106397633618698,0.18503104027194345,0.021013125381463944,0.0,0.00011825308024950082,5.574233062627643e-06,0.016903437368790814,0.08717252099646464,0.002721236376108605,0.5566472519569655,0.5610911820528202,0.0007318327732238912,0.013418953279611984,0.0
2017-12-31,0.5122834541315395,0.16637076156280062,0.018893963236604423,0.0,0.00010632732210412594,5.012074722137985e-06,0.015198735001119996,0.07838122016833388,0.002446801183305206,0.5716213929318535,0.5756171551201468,0.0006580278402960325,0.012065659217088711,0.0
2018-01-31,0.4310904418265743,0.1256033948487622,0.014264200646634785,0.0,8.027295479088651e-05,3.7839196889085887e-06,0.01147444836830163,0.059174744727094324,0.001847238855290655,0.491323885882952,0.4943405294995558,0.0004967851915192585,0.00910909912606575,0.0
2018-02-28,0.3610784091519595,0.09454979244372867,0.010737585653150125,0.0,6.042664072465499e-05,2.848400886304318e-06,0.008637558825026391,0.044544654534172674,0.0013905360645070461,0.4201022598430132,0.4223730824443452,0.00037396231848526966,0.006857007589292515,0.0
2018-03-31,0.3238487127390724,0.07670964038039566,0.00871156152454859,0.0,4.9025024376889646e-05,2.3109496277069527e-06,0.0070077788021229576,0.03613973486212545,0.0011281624072077086,0.3871669015539702,0.3890092534049224,0.0003034011416143172,0.005563191337234512,0.0
2018-04-30,0.3191329370316784,0.06865487243169366,0.007796818524801554,0.0,4.38772333942034e-05,2.068292213332267e-06,0.006271938667727556,0.03234494223112739,0.001009701593763073,0.39330689858269113,0.3949557973478813,0.0002715430103682847,0.0049790377021314974,0.0
2018-05-31,0.319370693107812,0.06192662777207195,0.007032722682168853,0.0,3.957722159886809e-05,1.8655975531282835e-06,0.005657282542794869,0.029175106251184742,0.0009107498498383144,0.4005808746237168,0.4020681796968907,0.00024493152971648177,0.004491087136601696,0.0
2018-06-30,0.3259348729453286,0.05655581822290099,0.006422784510223083,0.0,3.61447446928881e-05,1.7037968946113967e-06,0.005166634364517936,0.026644790216075086,0.0008317617930621369,0.4111906511724987,0.41254896436323185,0.00022368896176112486,0.004101581449836407,0.0
2018-07-31,0.30026770904214983,0.04675523356475326,0.005309777125458693,0.0,2.988120468160869e-05,1.408545119805199e-06,0.00427130583637988,0.02202750183767992,0.0006876253960571446,0.38192284511353974,0.383045775564948,0.0001849257951105651,0.003390816448205986,0.0
2018-08-31,0.30232967847264614,0.04237539198095439,0.004812378633745892,0.0,2.708205402273622e-05,1.2765982976417342e-06,0.003871187143926116,0.01996405436495451,0.0006232114240991983,0.38884897233863946,0.38986671119732513,0.0001676026929551541,0.003073178448123842,0.0
2018-09-30,0.3026469521367984,0.03773439788585712,0.004285322250819097,0.0,2.4116001157452654e-05,1.1367840119395662e-06,0.003447210967279716,0.017777571736933093,0.0005549567035165192,0.3867340973670526,0.3876403724772582,0.00014924668320598475,0.002736600959062897,0.0
2018-10-31,0.2622433995235223,0.029115777581286507,0.003306545128834584,0.0,1.8607852919089722e-05,8.771400182325485e-07,0.002659860324330386,0.013717134859117736,0.00042820335959002973,0.33307016506934056,0.33376944493107363,0.00011515840920834867,0.002111555220619384,0.0
2018-11-30,0.26781035243342016,0.026464078474135375,0.0030054038406994187,0.0,1.691315571123416e-05,7.972551037149742e-07,0.002417615403085114,0.01246785638262695,0.0003892050376962057,0.33752480597235224,0.3381603994090936,0.00010467043752268125,0.0019192468037280733,0.0
2018-12-31,0.2049907181038024,0.017564338744890367,0.0019947012768584144,0.0,1.1225344439918184e-05,5.291421245379307e-07,0.0016045832064832165,0.008274977462039057,0.00025831729338300066,0.24690917724362133,0.24733102372650054,6.947028301102869e-05,0.0012738135215505314,0.0
2019-01-31,0.1964500292616128,0.014217696102244477,0.0016146384433278007,0.0,9.086509785983556e-06,4.2832138635249574e-07,0.0216579156358019,0.006698294568158418,0.00020909849375014175,0.2146694551757232,0.20020550634298026,5.623367815512306e-05,0.00103110591314483,0.0
2019-02-28,0.2030768884727164,0.012776002697805744,0.0014509119451976689,0.0,8.165125538239474e-06,3.8488902479097907e-07,0.01946177401753388,0.006019078538328009,0.00018789562676312945,0.2124179474061173,0.1994206623341093,5.053150796379558e-05,0.000926550394193767,0.0
2019-03-31,0.2161752756714197,0.011720785846467326,0.0013310758140857263,0.0,7.490737917554035e-06,3.530996306853873e-07,0.017854354828136795,0.005521940798660502,0.000172376638833728,0.21336195309674397,0.20143816139774437,4.635792566359018e-05,0.0008500232039063512,0.0
2019-04-30,0.2068655250181335,0.009690682530324658,0.0011005263048966996,0.0,6.193301714386354e-06,2.919408704646117e-07,0.014761884287425307,0.004565510873760634,0.00014252007539968558,0.19304534700710382,0.18318682033266992,3.832848294089808e-05,0.0007027946010077999,0.0
2019-05-31,0.19232740790584685,0.008055389754706056,0.0009148136153989129,0.0,5.148188378037794e-06,2.4267614686184686e-07,0.012270831396753877,0.0037950855785860104,0.00011846995829468158,0.17864383823068025,0.17044892785969004,3.186059060642784e-05,0.0005841987301622289,0.0
2019-06-30,0.18228034490978462,0.0068564005262091625,0.0007786499157709958,0.0,4.381916031261018e-06,2.065554754901732e-07,0.010444402742471307,0.0032302132547744646,0.00010083652177315071,0.16958488215414602,0.16260972769348586,2.7118361351991197e-05,0.0004972447768346615,0.0
2019-07-31,0.18936625580657457,0.006276166572151752,0.0007127554106691956,0.0,4.01108931898727e-06,1.890753851982287e-07,0.009560528313335117,0.002956851247683155,9.230306846653935e-05,0.17125650810915075,0.16487163734580365,2.4823426280057286e-05,0.00045516463552811357,0.0
2019-08-31,0.1892969434345467,0.005563745065481499,0.0006318489723650523,0.0,3.555781725861654e-06,1.676130213095981e-07,0.008475291663343744,0.002621212542646039,8.182554363490086e-05,0.1679730766867195,0.16231296668248005,2.2005664426886265e-05,0.0004034978941027373,0.0
2019-09-30,0.1896842135362184,0.023795581043130953,0.0005645517572511877,0.0,3.1770611483673727e-06,1.4976082870614188e-07,0.007572602015711844,0.002342031421750436,7.311043693591366e-05,0.15008253516567885,0.1590018713124852,1.9661876595568753e-05,0.00036052198409091443,0.0
2019-10-31,0.20119187691678694,0.04226497334622176,0.0005336359467487412,0.0,3.0030798983649774e-06,1.4155967205132626e-07,0.007157913502353756,0.0022137778140065563,6.910678556997505e-05,0.14186376132021117,0.16465871570258733,1.858515892859915e-05,0.0003407791895659448,0.0
2019-11-30,0.20074933038888773,0.05582668710143464,0.00047681934327108475,0.0,2.6833398193154274e-06,1.2648771184255447e-07,0.022984388994734446,0.0019780752961901056,6.174893635223217e-05,0.12675942450803154,0.14712738368454586,1.6606383675828125e-05,0.00030449618388581615,0.0
2019-12-31,0.26390949959475074,0.08826385571103161,0.0005577956214937248,0.0,3.139040442289611e-06,1.4796860243655173e-07,0.026887733740035315,0.0023140037307011105,7.223550557509125e-05,0.1482864589523293,0.19239599242976874,1.9426577872608546e-05,0.00035620752498812506,0.0
2020-01-31,0.29627611927609276,0.08775980599083101,0.000554610209699983,0.0,3.1211142771126157e-06,1.4712359592674325e-07,0.02673418555704109,0.0023007891150058518,7.1822989193608e-05,0.17044373088217685,0.21430136738742558,1.931563822395778e-05,0.0003541733253504904,0.0
2020-02-29,0.24737698210959363,0.09408641836084441,0.00042299801546358495,0.0,2.380455898869722e-06,1.122103199985153e-07,0.039523576899402155,0.001754798618247873,5.477898055644039e-05,0.12999645273456342,0.16344641972070864,1.4731926122612374e-05,0.00027012595717348665,0.0
2020-03-31,0.1774234023869342,0.0932047713749233,0.014414658422434438,0.0,1.7073075320419414e-06,8.047934204421335e-08,0.02834704922096151,0.0012585744182758958,3.9288510300063396e-05,0.09323588939321956,0.1172268318883594,1.056601319207975e-05,0.014305015720512773,0.0
2020-04-30,0.15683224369024754,0.10724726091179575,0.02680415048674027,0.0,1.5091632068663074e-06,7.113918239479294e-08,0.025057186771933245,0.0011125085372835385,3.472881896475288e-05,0.08241524809734566,0.10362188312484287,9.339757514968346e-06,0.02670723254516492,0.0
2020-05-31,0.15032035846314218,0.12852547571097928,0.02569120618732407,0.0,1.4465007252181233e-06,6.818538807288072e-08,0.04035937728161492,0.001066315689827542,3.3286831795213626e-05,0.0789932563949678,0.09931936347679,8.951958248979457e-06,0.039951510608203594,0.0
2020-06-30,0.14446702791653532,0.14862753155696248,0.02469081526560929,0.0,1.3901753746989236e-06,6.55303144759328e-08,0.058947641347535225,0.0010247943798505962,3.199067449929777e-05,0.07591733477423813,0.0954519627464306,8.603377582951119e-06,0.05338468758030878,0.0
2020-07-31,0.12593470650223204,0.15216764148320636,0.02152346191804946,0.0,1.2118428012548681e-06,5.7124044424125646e-08,0.07362722414355605,0.0008933331107647864,2.7886890607350726e-05,0.06617861121050368,0.08320732479163756,7.4997308829720935e-06,0.06005088368744219,0.0
2020-08-31,0.11617795270459588,0.16251283111747328,0.019855938130208785,0.0,1.1179556419349559e-06,5.2698376132584863e-08,0.09349111213537814,0.0008241223946477488,2.5726362081144087e-05,0.06105144305976897,0.07676086213888532,6.918691471311654e-06,0.06751866632277165,0.0
2020-09-30,0.11880381350510487,0.16551930807109116,0.01789881899686493,0.0,1.0077632973218432e-06,4.7504111346459225e-08,0.11109231338931902,0.0007428919991758576,2.3190619114472715e-05,0.055033850410810096,0.06919485588932804,6.236744168322924e-06,0.06086362575749536,0.0
2020-10-31,0.10690262849228596,0.17060109736967083,0.01610580284605346,0.0,9.068104987819181e-07,4.274538179625444e-08,0.12577761143234192,0.0006684727118997393,2.0867496308054592e-05,0.04952082842621945,0.06226325363197416,5.6119776390764436e-06,0.06719625667366826,0.0
2020-11-30,0.10993695834433086,0.17358483912970338,0.014395704624023451,0.0,8.105262566048761e-07,3.820671942043375e-08,0.13643457317816543,0.000597494940283999,1.865180618222108e-05,0.044262755826263205,0.05565220292238887,5.01610340204588e-06,0.06006142457848524,0.0
2020-12-31,0.1167014772723225,0.17524629170996922,0.01285138766502931,0.0,7.235760532993634e-07,3.410804649753685e-08,0.14197131156597181,0.0005333979340385428,1.6650910682114237e-05,0.03951441413271085,0.04968204425193347,4.477994726287109e-06,0.05361826121966533,0.0
2021-01-31,0.12708548723164312,0.15620458208265392,0.01145499639285023,0.0,6.449545602807952e-07,3.0401973684104986e-08,0.14610666025706268,0.0004754405959592799,1.4841675216156896e-05,0.05104138164244958,0.04428374993651127,3.991429935337197e-06,0.047792269976688694,0.0
2021-02-28,0.14954917115691624,0.17114099021338117,0.011266062257737264,0.0,6.343169373733038e-07,2.9900535673411355e-08,0.16549362111527366,0.0004675988686715065,1.4596882553250223e-05,0.05019952548074828,0.0435533514530132,3.9255968842532504e-06,0.04700400336503206,0.0
2021-03-31,0.24261636641132373,0.23533056034450253,0.015491605726271332,0.0,8.722291493227368e-07,4.11152804822004e-08,0.22756504179355305,0.0006429804083973171,2.0071711319750706e-05,0.09933127559066045,0.09019233198548499,5.397964060545207e-06,0.06463371771155617,0.0
2021-04-30,0.30224300929369186,0.25444562957814026,0.01674993407752498,0.0,9.430772387187495e-07,4.445492932265351e-08,0.24604934541596207,0.0006952074332443877,2.1702065452052794e-05,0.1460560229606713,0.13617475528386014,5.836421592737202e-06,0.0698836860415307,0.0
2021-05-31,0.308556022439355,0.22473390887516448,0.014794037393703793,0.0,8.329537220971364e-07,3.926390896166286e-08,0.2173180622641561,0.0006140277756435229,1.9167906353080835e-05,0.16572203627836932,0.15699460828782635,5.154900245501915e-06,0.061723339311256994,0.0
2021-06-30,0.30978659559277194,0.1982191857127322,0.013048596272192308,0.0,7.346795566226631e-07,3.46314452555662e-08,0.19167828103144913,0.0005415830939899156,1.6906424171334606e-05,0.18372694972125506,0.17602920763012772,4.546710971246195e-06,0.05444105039148414,0.0
2021-07-31,0.35546050690164765,0.19850841117601797,0.01306763573241652,0.0,7.357515418311924e-07,3.468197666988051e-08,0.19195796253369019,0.0005423733283998883,1.693109266316539e-05,0.22411401587956295,0.21640504186346046,4.5533451655213695e-06,0.05452048638535438,0.0
2021-08-31,0.35816550562529276,0.1739408920817869,0.011450377357969443,0.0,6.446944931879483e-07,3.038971459889224e-08,0.16820113086143176,0.000475248882525145,1.4835690559928152e-05,0.2341028533065232,0.2273479465020594,3.989820458261582e-06,0.04777299854660845,0.0
2021-09-30,0.3479741775536398,0.1492014567035462,0.009821801884349593,0.0,5.530002540585349e-07,2.606741653841682e-08,0.14427805585767242,0.0004076547194902468,1.2725625448117972e-05,0.23863972324040167,0.2328455599297478,3.4223523705876755e-06,0.040978293769465594,0.0
2021-10-31,0.33027217569001077,0.12524870784803158,0.008245013299021695,0.0,4.6422178972478115e-07,2.188256274776381e-08,0.12111570802492101,0.0003422099756422261,1.0682658059443202e-05,0.23554048812823208,0.23067651773709966,2.872929136800888e-06,0.034399653045214675,0.0
2021-11-30,0.3245128021002051,0.10912311156518897,0.007183479347166386,0.0,4.0445388237133114e-07,1.9065213342989442e-08,0.10552222969945808,0.0002981509190181568,9.307280747740715e-06,0.2393920841548147,0.23515434316122838,2.503043521170605e-06,0.029970745739040763,0.0
2021-12-31,0.3319708825212687,0.09786869343634387,0.006442610808565035,0.0,3.627405089094459e-07,1.709892151351334e-08,0.09463918872040494,0.0002674011075437541,8.34737383457458e-06,0.24661438244769704,0.24281370110517353,2.244891989584905e-06,0.02687971122451479,0.0
2022-01-31,0.34224825132598935,0.08863536433723633,0.005834788799664509,0.0,3.285180994878148e-07,1.5485739973731497e-08,0.08571054418203265,0.00024217340355868735,7.559848763771044e-06,0.25525388313544645,0.2518117734709967,2.033099783068226e-06,0.02434377035199923,0.0
2022-02-28,0.3113386762406108,0.08063041051033669,0.005307829664557715,0.0,2.988485399687144e-07,0.032487502029725765,0.0779697405672911,0.00022030192000259153,0.037034915173602675,0.23220105807047758,0.22906981675002439,0.03702988756365901,0.022145203683970813,0.0
2022-03-31,0.2782388284088789,0.07205822040942016,0.0047435298598079954,0.0,2.670765760188998e-07,0.059093978468439036,0.06968041853567031,0.00019688060878879062,0.07096539189776736,0.20751469471432285,0.2047163500724414,0.07096089879618002,0.019790845141071187,0.0
2022-04-30,0.21205667262575822,0.05491838268129915,0.0036152292773948213,0.0,2.035494843430737e-07,0.06890871212767016,0.053106167052035115,0.0001500503975057432,0.08694521141501173,0.1581550495080545,0.1560223218186413,0.08694178704689665,0.015083375649138146,0.0
2022-05-31,0.18089064061745538,0.046847011706285135,0.003083897959301912,0.0,1.73633756317361e-07,0.0887290052600083,0.045301137945014405,0.00012799744612431842,0.1016502683237454,0.13491095502043768,0.13309167495146582,0.10164734723602682,0.012866567460772775,0.0
2022-06-30,0.1212382798204174,0.0313982586086817,0.002066920004546551,0.0,1.163745004319644e-07,0.079208607548877,0.030362168101200262,8.578768993547066e-05,0.08987709477235756,0.09042132892987957,0.08920199339476934,0.08987513697261185,0.008623555651153572,0.0
2022-07-31,0.10155632535885721,0.026301031090906486,0.0017313739586489088,0.0,9.748213721647272e-08,0.08511869862820902,0.025433140645455866,7.186082286697216e-05,0.09532975114312599,0.07574223185766975,0.07472084458206096,0.09532811117472445,0.007223598229503061,0.0
2022-08-31,0.09267410668640491,0.024000716377520454,0.0015799462455038332,0.0,8.895625114925698e-08,0.09367832470862845,0.023208732506012766,6.5575802801197e-05,0.1088278666153607,0.06911773984575262,0.06818568413170989,0.10882637008025006,0.006591815040719246,0.0
2022-09-30,0.07627174878485679,0.019752837935597598,0.0013003121091678558,0.0,7.321191520580451e-08,0.09046580960554769,0.01910102701398066,5.396956427692145e-05,0.1101680685885417,0.05688461511618414,0.056117523618712105,0.11016683692465966,0.005425131989923287,0.0
2022-10-31,0.06289497280085883,0.016288523922580414,0.00107225933640815,0.0,6.037178233000054e-08,0.08595220672342227,0.015751029623058865,4.450421461878312e-05,0.1101701650848611,0.04690801479603759,0.046275458185786475,0.11016914943401271,0.0044736555065725695,0.0
2022-11-30,0.05660547552077295,0.014659671530322374,0.0009650334027673349,0.0,5.433460409700049e-08,0.08773378684893382,0.014175926660752979,4.005379315690481e-05,0.11896474817744812,0.04221721331643383,0.04164791236720783,0.11896383409168457,0.004026289955915313,0.0
2022-12-31,0.05094492796869565,0.013193704377290137,0.0008685300624906014,0.0,4.890114368730044e-08,0.09005823517304487,0.01275833399467768,3.604841384121433e-05,0.1265193598552011,0.03799549198479044,0.037483121130487046,0.1265185371780139,0.0036236609603237818,0.0
2023-01-31,0.04585043517182609,0.011874333939561124,0.0007816770562415413,0.0,4.40110293185704e-08,0.09158526029361287,0.011482500595209912,3.24435724570929e-05,0.13360099955074475,0.0341959427863114,0.03373480901743834,0.13360025914127627,0.0032612948642914037,0.0
2023-02-28,0.041265391654643484,0.010686900545605012,0.0007035093506173872,0.0,3.960992638671336e-08,0.09266703459119084,0.010334250535688922,2.919921521138361e-05,0.14012074943220065,0.030776348507680257,0.030361328115694506,0.140120083063679,0.0029351653778622636,0.0
2023-03-31,0.037138852489179135,0.009618210491044511,0.0006331584155556485,0.0,3.5648933748042025e-08,0.09375455145832953,0.00930082548212003,2.627929369024525e-05,0.1459315643258517,0.027698713656912233,0.027325195304125055,0.14593096459418223,0.0026416488400760373,0.0
2023-04-30,0.03342496724026122,0.00865638944194006,0.0005698425740000837,0.0,3.2084040373237826e-08,0.0952052455390444,0.008370742933908028,2.3651364321220725e-05,0.15092533327999264,0.02492884229122101,0.02459267577371255,0.1509247935214901,0.0023774839560684337,0.0
2023-05-31,0.0300824705162351,0.0077907504977460535,0.0005128583166000753,0.0,2.8875636335914043e-08,0.09437688974977258,0.0075336686405172255,2.1286227889098653e-05,0.15648671556967708,0.022435958062098908,0.022133408196341294,0.1564862297870248,0.0021397355604615906,0.0
2023-06-30,0.02707422346461159,0.007011675447971448,0.0004615724849400678,0.0,2.598807270232264e-08,0.09253632858663574,0.006780301776465503,1.915760510018879e-05,0.16203948010678917,0.020192362255889017,0.019920067376707165,0.16203904290240212,0.0019257620044154315,0.0
2023-07-31,0.02436680111815043,0.0063105079031743035,0.000415415236446061,0.0,2.3389265432090376e-08,0.09042987741734933,0.006102271598818953,1.724184459016991e-05,0.1672619412514217,0.018173126030300114,0.017928060639036448,0.16726154776747332,0.0017331858039738883,0.0
2023-08-31,0.021930121006335387,0.005679457112856873,0.0003738737128014549,0.0,2.105033888888134e-08,0.08901933846544705,0.0054920444389370575,1.551766013115292e-05,0.1717195227313632,0.016355813427270105,0.016135254575132804,0.17171916859580968,0.0015598672235764995,0.0
2023-09-30,0.019784902093437515,0.005123888869071389,0.0003373011394214299,0.0,1.8991180843456406e-08,0.08795364764078316,0.0049548090266253895,1.3999712373926513e-05,0.1761612230724869,0.014755876961353087,0.014556893321722606,0.176160903578707,0.0014072799820989397,0.0
2023-10-31,0.022974375675403266,0.005949897919187043,0.00039167659542676614,0.0,2.2052700648026447e-08,0.11156283293401607,0.0057535611467760825,1.625657028309798e-05,0.232178392666555,0.01713463423418201,0.016903572949747044,0.23217802166799806,0.0016341439971006917,0.0
2023-11-30,0.02109805210405907,0.005463968121981947,0.00035968826030391475,0.0,2.0251650529307033e-08,0.10245146572745739,0.005283666227697869,0.009243137820883282,0.24159460779862812,0.015735243950232868,0.015523053504358904,0.24159426709962523,0.0015006830080382836,0.0
2023-12-31,0.019498989541595665,0.005049843309735709,0.00033242678477182405,0.0,1.871673839477511e-08,0.10563302903894033,0.004883206848055025,0.008542582358409075,0.251690217281443,0.014542639088516496,0.014346530970832641,0.2516899024046827,0.0013869433128074946,0.0
2024-01-31,0.01805240961448864,0.004675208411280268,0.0003077648958540511,0.0,1.7328191670082655e-08,0.10516408065125601,0.004520934280482279,0.007908830125301209,0.2641856306069563,0.013463758065080218,0.013282198704703969,0.26418533909009373,0.0012840495524891605,0.0
2024-02-29,0.017401903308417288,0.004506740454997315,0.00029667479709073855,0.0,1.6703782065219994e-08,0.10137456450927057,0.004358025487606921,0.019437690375425472,0.28608746798798906,0.012978600697626934,0.012803583705354067,0.28608718697573843,0.001237779699929871,0.0
2024-03-31,0.028548000662626933,0.0035037036318105734,0.00023064575704173865,0.0,1.298612655228189e-08,0.07881226651303977,0.00338808721756321,0.015111566118006728,0.24715026296924064,0.010090035326900539,0.009953970763702753,0.24715004450011574,0.0009622948721657133,0.0
2024-04-30,0.039780937747800664,0.003127933564690862,0.00020590914095995453,0.0,1.1593372438642903e-08,0.07035969923292494,0.0030247169400111516,0.013490859913608686,0.2454815171891265,0.009007885222192522,0.008886413500004815,0.24548132215068133,0.0008590893369087821,0.0
2024-05-31,0.0646790038121446,0.00348906071687151,0.0002296818267107726,0.0,1.2931854054811915e-08,0.07848288896402918,0.0033739274945539703,0.015048410839902436,0.3033126184685401,0.010047866369548516,0.009912370456566186,0.3033124009124561,0.0009582731844203551,0.0
2024-06-30,0.09304859077334678,0.003291263704677486,0.00021666102175344528,0.0,1.2198739242048062e-08,0.07403364539816777,0.028921001383899848,0.01419530711258473,0.28611763834001497,0.03480357362458592,0.009350432038415893,0.2861174331173201,0.0009039480843074643,0.0
2024-07-31,0.13260600739907824,0.0034456709582907545,0.00022682551671215974,0.0,1.277103426089816e-08,0.0775068802667879,0.030277809223115848,0.01486126966743443,0.3302770992133178,0.036436358081104,0.009789100787169583,0.33027688436274877,0.0009463561541648045,0.0
2024-08-31,0.15081358880685541,0.003075450816860521,0.0002024542474024465,0.0,1.1398850390902206e-08,0.06917915294704971,0.059007372087020116,0.013264500438825414,0.2947904738616687,0.0639486482367875,0.00873731078116782,0.2947902820957206,0.0008446749102273206,0.0
2024-09-30,0.16674425995752887,0.0027438322249155873,0.00018062408445891878,0.0,1.016973929743308e-08,0.0617197284078979,0.05264474663432511,0.011834220710643458,0.2630039138800073,0.08847275215135456,0.039214722707052535,0.26300374279172817,0.0007535956112688873,0.0
2024-10-31,0.21329482433283564,0.0028626485867544248,0.0001884456620251418,0.0,1.0610120240990089e-08,0.06439238219354733,0.05492442583927734,0.012346678811130902,0.27439279105436104,0.12772042316777138,0.07632936977368963,0.27439261255743397,0.0007862286155814736,0.0
2024-11-30,0.19899142854785998,0.0022532466267578335,0.00014832926201630334,0.0,8.351432918844968e-09,0.05068450198108741,0.0813521390516287,0.00971831209445957,0.21597992632091986,0.12765441276690842,0.06008033810399088,0.2159797858225015,0.0006188559029272889,0.0
2024-12-31,0.17842450212509817,0.0017038855258365395,0.00011216529944227785,0.0,6.315281026689004e-09,0.038327180116129296,0.08808723892690115,0.007348903185595007,0.16332214412719445,0.12296401579038736,0.045432229773291366,0.16332203788351093,0.0004679734579669861,0.0
2025-01-31,0.1866185366559072,0.0015058348511134297,9.912779610169608e-05,0.0,5.581226039169965e-09,0.033872230668450395,0.07784844245880897,0.006494705405103073,0.14433843873669575,0.1339502384958946,0.06543033872370044,0.14433834484221814,0.0004135786892472007,0.0
2025-02-28,0.19657360848738706,0.0013618043343608603,8.964639268849061e-05,0.0,5.047391356076956e-09,0.030632409991480522,0.07040237266740107,0.0058734979898536314,0.13053271501929495,0.1471733913581601,0.0852073022941762,0.13053263010566282,0.0003740205980753305,0.0
2025-03-31,0.2624856232131219,0.0015810883817076868,0.00010408167044665793,0.0,5.8601457123210986e-09,0.03556498266248162,0.11653282743574048,0.00681927586616142,0.15155169795125556,0.20486054946790672,0.09892777713709174,0.1515515993644367,0.00043424712876524225,0.0
2025-04-30,0.2160814051809038,0.001301571472953415,8.56813159074584e-05,0.0,4.824144288676186e-09,0.029277532745874718,0.12616976346154624,0.005613712070927326,0.12475922852456676,0.20064944485441366,0.11344427902570871,0.12475914736668053,0.00035747759679462563,0.0
2025-05-31,0.1875589022013019,0.0011297654992538353,7.437147836627478e-05,0.0,4.18736265662136e-09,0.025412931281068047,0.14284997210991546,0.004872708377733081,0.10829115037436382,0.20294617237173748,0.12725199056363132,0.10829107992922749,0.000310290955208417,0.0
2025-06-30,0.16475674604600762,0.0009924161704269836,6.532989173239804e-05,0.0,3.678291127333718e-09,0.022323397163339278,0.1549099510942835,0.004280317102116471,0.09512583701364424,0.20792000127153432,0.14142821153001858,0.09512577513275616,0.0002725678573911563,0.0
2025-07-31,0.149102651241067,0.0008981233588083204,5.912267810795631e-05,0.0,3.3288042661925366e-09,0.020202375815505224,0.17211448541210084,0.003873629720144086,0.08608761001081737,0.21680910685328747,0.15663492658964528,0.08608755400944142,0.00024667026483255356,0.0
2025-08-31,0.1322347928147493,0.0007965194132067476,5.2434178904160244e-05,0.0,2.952219419285449e-09,0.017916897909547314,0.1850673303516523,0.003435409224589472,0.07634859057799212,0.22002477226914666,0.16665804677011348,0.07634854091200508,0.00021876466375473846,0.0
2025-09-30,0.11961656051144026,0.0007205131914250236,4.743075555420386e-05,0.0,2.67050997164355e-09,0.016207214889178687,0.1998260452377698,0.0031075923865994197,0.06906318382961112,0.22699881505046118,0.17872449923635186,0.06906313890289842,0.00019788949702853712,0.0
2025-10-31,0.10657246692972741,0.0006419417841247132,4.225846827679791e-05,0.0,2.379292920826542e-09,0.014439830617222819,0.21398412506465836,0.0027687118358520643,0.0615318969486585,0.22800473300025548,0.18499469405867988,0.06153185692116914,0.00017630980014508217,0.0
2025-11-30,0.10699456181648753,0.0006444842826938359,4.2425838742133135e-05,0.0,2.388716437095971e-09,0.014497021548847128,0.2538653184305947,0.002779677699198326,0.06177560247432495,0.2581772233958379,0.21499683729012495,0.06177556228830123,0.00017700809931437897,0.0
2025-12-31,0.12860855173893918,0.0007746766640151872,5.0996289758109146e-05,0.0,2.8712614573516722e-09,0.01742556737718344,0.36441551121368154,0.0033412008715739713,0.07425490260570494,0.34585558805252603,0.2939523246875258,0.07425485430169564,0.00021276553604593213,0.0
2026-01-31,0.1144858157047081,0.0006896080282997857,4.5396295595661254e-05,0.0,2.5559630802285765e-09,0.015512034528961818,0.385010540881946,0.0029742976034120997,0.0661008383963776,0.3420174911128183,0.29581381831087034,0.0661007953967183,0.0001894013704276314,0.0
2026-02-28,0.1338837880606284,0.0006204435495790606,4.0843258229685405e-05,0.0,2.299611867918476e-09,0.013956249593077735,0.4156310667619673,0.0026759893835854144,0.059471231658822524,0.3364507720670845,0.2661450678000884,0.0594711929718291,0.00017040529364628146,0.0
2026-03-31,0.08962294931571702,0.0004153302024290417,2.734082531747762e-05,0.0,1.5393797925029487e-09,0.00934243247846771,0.33277670558505473,0.0017913301107514744,0.06045481468371876,0.22522301563910982,0.17815977772658964,0.0604547887863155,0.00011407075656295765,0.0
