date,cpi,core_cpi,ppi,unemployment,nonfarm_payrolls,avg_hourly_earnings,money_supply,fed_funds,ust_2y,ust_10y,ust_3m,gdp,industrial_production,capacity_utilization,housing_starts,building_permits,case_shiller,retail_sales,consumer_sentiment,inflation_expectations_10y,inflation_expectations_5y,wti_oil,commodity_index,baa_corp_yield,aaa_corp_yield,broad_dollar_index,cpi_yoy,target_cpi_yoy_1m,target_cpi_yoy_3m,target_cpi_yoy_6m
2006-03-31,199.700000,204.300000,162.200000,4.700000,136038.000000,20.040000,6769.300000,4.590000,4.733913,4.723913,4.510000,16353.835000,98.462800,80.660900,1969.000000,2118.000000,184.364000,348357.000000,88.900000,2.526522,2.624348,62.685217,113.226844,6.410000,5.530000,100.428087,3.417918,3.613836,4.181724,2.012072
2006-04-30,200.700000,204.800000,164.300000,4.700000,136210.000000,20.170000,6806.900000,4.790000,4.888947,4.990526,4.600000,16396.151000,98.761800,80.771300,1821.000000,1998.000000,184.330000,350072.000000,87.400000,2.581579,2.642105,69.443684,123.308971,6.680000,5.840000,99.743480,3.613836,3.977273,4.104669,1.406328
2006-05-31,201.300000,205.400000,165.800000,4.600000,136249.000000,20.130000,6813.700000,4.940000,4.968182,5.110000,4.720000,16396.151000,98.786900,80.652100,1942.000000,1905.000000,184.156000,348889.000000,79.100000,2.664091,2.694091,70.844091,127.439854,6.750000,5.950000,97.511774,3.977273,4.181724,3.926568,1.968703
2006-06-30,201.800000,205.900000,166.100000,4.600000,136337.000000,20.220000,6851.800000,4.990000,5.121818,5.106364,4.790000,16396.151000,99.099700,80.760100,1802.000000,1867.000000,183.507000,350795.000000,84.900000,2.576818,2.615455,70.950909,124.191443,6.780000,5.890000,98.692723,4.181724,4.104669,2.012072,2.523978
2006-07-31,202.900000,206.300000,166.800000,4.700000,136529.000000,20.290000,6893.600000,5.240000,5.118500,5.087500,4.950000,16420.738000,99.048900,80.564300,1737.000000,1763.000000,183.066000,351916.000000,84.700000,2.580500,2.584500,74.411053,129.555417,6.760000,5.850000,98.438714,4.104669,3.926568,1.406328,2.075765
2006-08-31,203.800000,206.800000,167.900000,4.700000,136692.000000,20.320000,6925.100000,5.250000,4.903478,4.876522,4.960000,16420.738000,99.483600,80.754000,1650.000000,1722.000000,182.592000,353285.000000,82.000000,2.585652,2.554783,73.043043,130.523104,6.590000,5.680000,97.713765,3.926568,2.012072,1.968703,2.420261
2006-09-30,202.800000,207.200000,165.400000,4.500000,136826.000000,20.400000,6952.400000,5.250000,4.769000,4.719000,4.810000,16420.738000,99.318300,80.449200,1720.000000,1655.000000,182.797000,351240.000000,85.400000,2.399500,2.290500,63.798000,119.488047,6.430000,5.510000,97.981362,2.012072,1.406328,2.523978,2.798197
2006-10-31,201.900000,207.600000,162.200000,4.400000,136843.000000,20.420000,7001.700000,5.250000,4.795714,4.729048,4.920000,16561.866000,99.204400,80.180400,1491.000000,1570.000000,183.198000,351035.000000,93.600000,2.317619,2.176190,58.893182,117.695514,6.420000,5.510000,98.315655,1.406328,1.968703,2.075765,2.592925
2006-11-30,202.000000,207.800000,164.600000,4.500000,137060.000000,20.490000,7037.200000,5.250000,4.740476,4.595238,4.940000,16561.866000,99.162700,79.966300,1570.000000,1535.000000,183.608000,352116.000000,92.100000,2.303333,2.174286,59.082500,120.561028,6.200000,5.330000,97.513282,1.968703,2.523978,2.420261,2.709886
2006-12-31,203.100000,208.100000,165.600000,4.400000,137249.000000,20.580000,7080.100000,5.240000,4.673500,4.564500,4.850000,16561.866000,100.173500,80.598500,1649.000000,1638.000000,184.137000,356367.000000,91.700000,2.314000,2.250000,61.959000,122.708732,6.220000,5.320000,96.795071,2.523978,2.075765,2.798197,2.692765
2007-01-31,203.437000,208.600000,164.000000,4.600000,137472.000000,20.590000,7118.300000,5.250000,4.876190,4.759524,4.980000,16611.690000,99.834600,80.145200,1409.000000,1626.000000,184.515000,355792.000000,96.900000,2.322857,2.280476,54.506190,117.016274,6.340000,5.400000,97.833777,2.075765,2.420261,2.592925,2.317891
2007-02-28,204.226000,209.135000,166.800000,4.500000,137560.000000,20.680000,7134.300000,5.260000,4.848947,4.722632,5.030000,16611.690000,100.775300,80.721800,1480.000000,1598.000000,184.597000,356545.000000,91.300000,2.362105,2.369474,59.278947,124.039415,6.280000,5.390000,97.476425,2.420261,2.798197,2.709886,1.897448
2007-03-31,205.288000,209.418000,169.300000,4.400000,137784.000000,20.720000,7168.200000,5.260000,4.573636,4.564545,4.940000,16611.690000,100.954700,80.693200,1495.000000,1596.000000,184.148000,359415.000000,88.400000,2.387727,2.441818,60.441818,126.836541,6.270000,5.300000,97.011755,2.798197,2.592925,2.692765,2.833826
2007-04-30,205.904000,209.747000,171.400000,4.500000,137847.000000,20.790000,7240.700000,5.250000,4.666190,4.693810,4.870000,16713.314000,101.633400,81.073700,1490.000000,1470.000000,183.009000,358562.000000,87.100000,2.438095,2.477143,63.977000,134.520030,6.390000,5.470000,95.632200,2.592925,2.709886,2.317891,3.610698
2007-05-31,206.755000,210.058000,173.300000,4.400000,137992.000000,20.840000,7254.600000,5.250000,4.766364,4.746364,4.730000,16713.314000,101.730600,81.004400,1415.000000,1493.000000,181.600000,363085.000000,88.300000,2.372727,2.377727,63.454545,134.716176,6.390000,5.470000,94.722548,2.709886,2.692765,1.897448,4.373267
2007-06-30,207.234000,210.392000,173.800000,4.600000,138070.000000,20.950000,7287.800000,5.250000,4.980476,5.102857,4.610000,16713.314000,101.789300,80.923800,1448.000000,1407.000000,180.253000,360234.000000,85.300000,2.411905,2.372381,67.489048,134.830780,6.700000,5.790000,94.444910,2.692765,2.317891,2.833826,4.108813
2007-07-31,207.603000,210.773000,175.100000,4.700000,138044.000000,20.940000,7318.700000,5.260000,4.819048,5.004286,4.820000,16809.587000,101.667200,80.725500,1354.000000,1361.000000,179.110000,361770.000000,90.400000,2.367619,2.289048,74.117619,137.971543,6.650000,5.730000,93.205914,2.317891,1.897448,3.610698,4.294696
2007-08-31,207.667000,211.119000,172.400000,4.600000,138013.000000,21.000000,7394.800000,5.020000,4.313043,4.674783,4.200000,16809.587000,101.863000,80.808200,1330.000000,1321.000000,178.115000,363676.000000,83.400000,2.236522,2.043913,72.356087,133.370495,6.650000,5.790000,93.760296,1.897448,2.833826,4.373267,4.142959
2007-09-30,208.547000,211.554000,173.500000,4.700000,138099.000000,21.040000,7413.000000,4.940000,4.011579,4.521579,3.890000,16809.587000,102.089400,80.938700,1183.000000,1261.000000,177.557000,365178.000000,83.400000,2.264211,2.056316,79.914737,140.980153,6.590000,5.740000,92.436595,2.833826,3.610698,4.108813,3.974904
2007-10-31,209.190000,212.077000,174.700000,4.700000,138175.000000,21.060000,7428.100000,4.760000,3.967727,4.527727,3.900000,16915.191000,101.801500,80.683700,1264.000000,1192.000000,176.623000,367322.000000,80.900000,2.325455,2.191364,85.798696,149.993732,6.480000,5.660000,90.400178,3.610698,4.373267,4.294696,3.903761
2007-11-30,210.834000,212.660000,179.000000,4.700000,138290.000000,21.120000,7453.600000,4.490000,3.336500,4.148500,3.270000,16915.191000,102.344600,81.106500,1197.000000,1224.000000,175.146000,370776.000000,76.100000,2.380500,2.314500,94.772381,158.978611,6.400000,5.440000,89.052995,4.373267,4.108813,4.142959,4.088414
2007-12-31,211.445000,213.168000,178.600000,5.000000,138395.000000,21.160000,7483.900000,4.240000,3.117000,4.097500,3.000000,16915.191000,102.380300,81.142500,1037.000000,1149.000000,174.341000,366569.000000,75.500000,2.308500,2.215500,91.687000,158.631035,6.650000,5.490000,90.004957,4.108813,4.294696,3.974904,4.935966
2008-01-31,212.174000,213.771000,181.000000,5.000000,138391.000000,21.190000,7517.500000,3.940000,2.475714,3.744286,2.750000,16843.003000,102.244800,81.054900,1084.000000,1094.000000,173.131000,367368.000000,78.400000,2.275238,2.122857,92.970476,164.659814,6.540000,5.330000,89.397117,4.294696,4.142959,3.903761,5.497512
2008-02-29,212.687000,213.939000,182.700000,4.900000,138329.000000,21.270000,7604.000000,2.980000,1.973000,3.737500,2.120000,16843.003000,101.843800,80.760200,1103.000000,1014.000000,171.539000,364126.000000,70.800000,2.332500,2.131000,95.386000,172.367740,6.820000,5.530000,88.643438,4.142959,3.974904,4.088414,5.308017
2008-03-31,213.448000,214.420000,187.900000,5.100000,138259.000000,21.360000,7670.000000,2.610000,1.617000,3.510000,1.260000,16843.003000,101.533600,80.538100,1005.000000,967.000000,170.050000,365164.000000,69.500000,2.419000,2.256000,105.454000,182.887968,6.890000,5.510000,86.839867,3.974904,3.903761,4.935966,4.953320
2008-04-30,213.942000,214.560000,190.900000,5.000000,138040.000000,21.380000,7712.500000,2.280000,2.047273,3.675000,1.290000,16943.291000,100.878500,80.037600,1013.000000,1008.000000,168.332000,364816.000000,62.600000,2.312727,2.225909,112.580455,190.027779,6.970000,5.550000,86.547536,3.903761,4.088414,5.497512,3.731058
2008-05-31,215.208000,214.936000,196.600000,5.400000,137851.000000,21.470000,7725.200000,1.980000,2.445714,3.880000,1.730000,16943.291000,100.267400,79.557900,973.000000,995.000000,166.653000,368255.000000,59.800000,2.420000,2.360476,125.397619,204.698859,6.930000,5.570000,86.824464,4.088414,4.935966,5.308017,1.099917
2008-06-30,217.463000,215.424000,200.500000,5.600000,137700.000000,21.520000,7743.900000,2.000000,2.773810,4.099524,1.860000,16943.291000,100.033500,79.357100,1046.000000,1180.000000,165.013000,368926.000000,56.400000,2.470952,2.516190,133.880000,215.592796,7.070000,5.680000,87.072805,4.935966,5.497512,4.953320,-0.022228
2008-07-31,219.016000,215.965000,205.500000,5.800000,137497.000000,21.600000,7791.200000,2.010000,2.573182,4.007727,1.630000,16854.295000,99.676000,79.032500,923.000000,921.000000,163.563000,367594.000000,61.200000,2.438636,2.462727,133.370909,217.230473,7.160000,5.670000,86.453757,5.497512,5.308017,3.731058,-0.113586
2008-08-31,218.690000,216.393000,199.000000,6.100000,137211.000000,21.700000,7805.800000,2.000000,2.420476,3.885714,1.720000,16854.295000,98.111100,77.725100,844.000000,858.000000,161.986000,364611.000000,63.000000,2.209524,1.993810,116.666190,193.240537,7.150000,5.640000,88.944995,5.308017,4.953320,1.099917,0.008463
2008-09-30,218.877000,216.713000,196.900000,6.100000,136760.000000,21.730000,7872.400000,1.810000,2.076190,3.686190,1.130000,16854.295000,93.789500,74.221600,820.000000,797.000000,160.306000,358991.000000,70.300000,1.836190,1.330952,104.114286,176.297005,7.310000,5.650000,91.265109,4.953320,3.731058,-0.022228,-0.446479
2008-10-31,216.995000,216.788000,186.400000,6.500000,136291.000000,21.760000,7974.900000,0.970000,1.612273,3.814091,0.670000,16485.350000,94.721900,74.866900,777.000000,736.000000,158.326000,346137.000000,57.600000,1.061818,-0.027727,76.608696,142.721184,8.880000,6.280000,98.040000,3.731058,1.099917,-0.113586,-0.576324
2008-11-30,213.153000,216.947000,176.800000,6.800000,135541.000000,21.860000,8027.000000,0.390000,1.212778,3.526667,0.190000,16485.350000,93.471500,73.782000,652.000000,626.000000,156.141000,332498.000000,55.300000,0.638333,-1.398889,57.309474,119.045008,9.210000,6.120000,100.766660,1.099917,-0.022228,0.008463,-1.015761
2008-12-31,211.398000,216.925000,170.900000,7.300000,134847.000000,21.950000,8204.700000,0.160000,0.820909,2.416364,0.030000,16485.350000,90.835700,71.607000,560.000000,554.000000,153.617000,324767.000000,60.100000,0.246364,-0.240000,41.121818,104.117778,8.430000,5.050000,99.662248,-0.022228,-0.113586,-0.446479,-1.229175
2009-01-31,211.933000,217.346000,171.200000,7.800000,134079.000000,21.960000,8289.000000,0.150000,0.807000,2.517500,0.130000,16298.262000,88.570000,69.730400,490.000000,545.000000,151.506000,329787.000000,61.200000,0.605500,0.011500,41.710000,106.938659,8.140000,5.050000,100.352084,-0.113586,0.008463,-0.576324,-1.958761
2009-02-28,212.705000,217.792000,169.300000,8.300000,133318.000000,21.980000,8319.300000,0.220000,0.975263,2.870000,0.300000,16298.262000,88.031000,69.232600,582.000000,558.000000,150.012000,328376.000000,56.300000,1.117895,0.582105,39.087368,102.714697,8.080000,5.270000,102.973726,0.008463,-0.446479,-1.015761,-1.483836
2009-03-31,212.495000,218.253000,168.100000,8.700000,132494.000000,22.050000,8386.400000,0.180000,0.931364,2.819545,0.210000,16298.262000,86.652800,68.088900,505.000000,513.000000,148.659000,322634.000000,57.300000,1.110455,0.588636,47.939091,103.582841,8.420000,5.500000,103.439745,-0.446479,-0.576324,-1.229175,-1.377943
2009-04-30,212.709000,218.706000,169.100000,9.000000,131822.000000,22.100000,8391.100000,0.150000,0.927143,2.927143,0.160000,16269.145000,85.934400,67.476200,478.000000,521.000000,147.948000,324323.000000,65.100000,1.359524,0.747619,49.646667,105.898323,8.390000,5.390000,100.716186,-0.576324,-1.015761,-1.958761,-0.223968
2009-05-31,213.022000,218.904000,170.800000,9.400000,131466.000000,22.120000,8449.200000,0.180000,0.929500,3.293000,0.180000,16269.145000,85.066500,66.767600,540.000000,556.000000,147.694000,327011.000000,68.700000,1.576000,1.063000,59.028500,115.426988,8.060000,5.540000,97.551880,-1.015761,-1.229175,-1.483836,1.914587
2009-06-30,214.790000,219.112000,174.100000,9.500000,131008.000000,22.140000,8459.300000,0.210000,1.184091,3.721818,0.180000,16269.145000,84.745900,66.513800,585.000000,601.000000,148.088000,332227.000000,70.800000,1.859545,1.525909,69.640909,124.701755,7.500000,5.610000,96.042618,-1.229175,-1.958761,-1.377943,2.814123
2009-07-31,214.726000,219.263000,172.500000,9.500000,130662.000000,22.180000,8463.500000,0.160000,1.019091,3.562273,0.180000,16326.281000,85.702700,67.290000,594.000000,595.000000,148.407000,333670.000000,66.000000,1.739545,1.284091,64.152273,118.671381,7.090000,5.410000,95.660559,-1.958761,-1.483836,-0.223968,2.621111
2009-08-31,215.445000,219.496000,175.000000,9.600000,130472.000000,22.230000,8463.000000,0.160000,1.115238,3.587143,0.170000,16326.281000,86.642600,68.079500,586.000000,616.000000,148.275000,339586.000000,65.700000,1.813333,1.281429,71.044762,125.390042,6.580000,5.260000,94.373043,-1.483836,-1.377943,1.914587,2.151336
2009-09-30,215.861000,219.920000,174.100000,9.800000,130246.000000,22.270000,8461.600000,0.150000,0.956190,3.401905,0.120000,16326.281000,87.406300,68.754900,585.000000,609.000000,148.022000,330998.000000,73.500000,1.760000,1.343333,69.408095,122.023426,6.310000,5.130000,93.663800,-1.377943,-0.223968,2.814123,2.286171
2009-10-31,216.509000,220.501000,175.200000,10.000000,130061.000000,22.310000,8487.900000,0.120000,0.949048,3.387619,0.070000,16502.754000,87.641900,69.035700,534.000000,583.000000,147.847000,334595.000000,70.600000,1.904286,1.500476,75.715455,130.559193,6.290000,5.150000,92.259762,-0.223968,1.914587,2.621111,2.206771
2009-11-30,217.234000,220.666000,177.400000,9.900000,130057.000000,22.340000,8517.000000,0.120000,0.803158,3.402632,0.050000,16502.754000,88.022100,69.447000,588.000000,623.000000,148.133000,337321.000000,67.400000,2.127368,1.746316,77.990000,135.091782,6.320000,5.190000,91.799611,1.914587,2.814123,2.151336,2.003549
2009-12-31,217.347000,220.881000,178.100000,9.900000,129808.000000,22.370000,8512.200000,0.120000,0.874545,3.590000,0.050000,16502.754000,88.379300,69.854100,581.000000,664.000000,147.930000,338736.000000,72.500000,2.225455,1.908636,74.470000,137.347423,6.370000,5.260000,92.258619,2.814123,2.621111,2.286171,1.121561
2010-01-31,217.488000,220.633000,181.900000,9.800000,129802.000000,22.400000,8477.700000,0.110000,0.928947,3.733158,0.060000,16582.710000,89.342600,70.753200,614.000000,636.000000,147.396000,339093.000000,74.400000,2.358421,2.066316,78.325789,142.769582,6.250000,5.260000,92.440300,2.621111,2.151336,2.206771,1.340778
2010-02-28,217.281000,220.731000,181.000000,9.800000,129706.000000,22.460000,8527.300000,0.130000,0.856842,3.691053,0.110000,16582.710000,89.677900,71.161200,604.000000,650.000000,145.634000,339580.000000,73.600000,2.272105,1.947895,76.387368,138.674844,6.340000,5.350000,93.886680,2.151336,2.286171,2.003549,1.150178
2010-03-31,217.353000,220.783000,183.300000,9.900000,129866.000000,22.460000,8523.500000,0.160000,0.958696,3.727391,0.150000,16582.710000,90.292800,71.796400,636.000000,687.000000,145.858000,346974.000000,73.600000,2.219130,1.871739,81.203478,143.712550,6.270000,5.270000,93.149878,2.286171,2.206771,1.121561,1.118312
2010-04-30,217.403000,220.822000,184.400000,9.900000,130120.000000,22.490000,8554.800000,0.200000,1.060455,3.846818,0.160000,16743.162000,90.599100,72.190500,687.000000,637.000000,146.398000,349869.000000,72.200000,2.345909,1.960909,84.292857,150.427546,6.250000,5.290000,92.639086,2.206771,2.003549,1.340778,1.166695
2010-05-31,217.290000,220.962000,184.800000,9.600000,130642.000000,22.510000,8609.000000,0.200000,0.830500,3.420000,0.160000,16743.162000,91.823000,73.314600,583.000000,575.000000,146.386000,346858.000000,73.600000,2.113000,1.770500,73.743500,137.976460,6.050000,4.960000,95.530640,2.003549,1.121561,1.150178,1.084545
2010-06-30,217.199000,221.194000,183.500000,9.400000,130510.000000,22.530000,8628.100000,0.180000,0.724545,3.204091,0.120000,16743.162000,91.992800,73.591800,536.000000,587.000000,145.713000,346516.000000,76.000000,1.947273,1.651818,75.335909,136.082412,6.230000,4.880000,96.060627,1.121561,1.340778,1.118312,1.437793
2010-07-31,217.605000,221.363000,184.100000,9.400000,130415.000000,22.590000,8639.500000,0.180000,0.616667,3.011429,0.160000,16872.266000,92.342100,74.000900,546.000000,579.000000,144.983000,347612.000000,67.800000,1.770476,1.422381,76.319524,137.050854,6.010000,4.720000,94.454690,1.340778,1.150178,1.166695,1.700783
2010-08-31,217.923000,221.509000,184.900000,9.500000,130415.000000,22.620000,8687.900000,0.190000,0.520455,2.698636,0.160000,16872.266000,92.680500,74.388300,599.000000,580.000000,143.908000,349188.000000,68.900000,1.676818,1.336364,76.599091,139.735137,5.660000,4.490000,93.682232,1.150178,1.118312,1.084545,2.124898
2010-09-30,218.275000,221.711000,184.900000,9.500000,130341.000000,22.670000,8718.700000,0.190000,0.480000,2.647619,0.150000,16872.266000,92.953700,74.707600,594.000000,563.000000,143.013000,352179.000000,68.200000,1.738571,1.279048,75.241905,142.506485,5.660000,4.530000,92.762595,1.118312,1.166695,1.437793,2.619242
2010-10-31,219.035000,221.830000,186.600000,9.400000,130620.000000,22.730000,8768.400000,0.190000,0.376000,2.540000,0.130000,16960.864000,92.690300,74.580000,543.000000,558.000000,142.522000,356215.000000,67.700000,2.015000,1.507000,81.892857,149.888269,5.720000,4.680000,90.229120,1.166695,1.084545,1.700783,3.077234
2010-11-30,219.590000,222.149000,187.700000,9.800000,130749.000000,22.730000,8789.000000,0.190000,0.454000,2.763000,0.140000,16960.864000,92.770900,74.713100,545.000000,560.000000,142.161000,359450.000000,71.600000,2.097000,1.555500,84.252857,154.191174,5.920000,4.870000,90.509535,1.084545,1.437793,2.124898,3.458972
2010-12-31,220.472000,222.343000,189.700000,9.300000,130830.000000,22.760000,8823.200000,0.180000,0.618182,3.290909,0.140000,16960.864000,93.678700,75.496800,539.000000,632.000000,142.048000,361979.000000,74.500000,2.246818,1.729545,89.145909,163.171807,6.100000,5.020000,91.183471,1.437793,1.700783,2.619242,3.502318
2011-01-31,221.187000,222.803000,192.700000,9.100000,130837.000000,22.870000,8849.000000,0.170000,0.614500,3.394000,0.150000,16920.632000,93.481400,75.374100,630.000000,576.000000,141.510000,364394.000000,74.200000,2.333500,1.930500,89.170500,168.908948,6.090000,5.040000,90.111220,1.700783,2.124898,3.077234,3.579881
2011-02-28,221.898000,223.213000,195.800000,9.000000,131057.000000,22.870000,8913.300000,0.160000,0.772632,3.576316,0.130000,16920.632000,93.110200,75.092800,517.000000,542.000000,140.338000,367475.000000,77.500000,2.338421,2.011053,88.578421,175.284435,6.150000,5.220000,89.396689,2.124898,2.619242,3.458972,3.754996
2011-03-31,223.046000,223.454000,199.200000,9.000000,131283.000000,22.870000,8971.500000,0.140000,0.697391,3.414348,0.100000,16920.632000,94.078800,75.874700,600.000000,583.000000,139.970000,370775.000000,67.500000,2.450435,2.201739,102.856522,182.760659,6.030000,5.130000,88.487226,2.619242,3.077234,3.502318,3.812622
2011-04-30,224.093000,223.727000,203.100000,9.100000,131597.000000,22.910000,9035.100000,0.100000,0.734500,3.455000,0.060000,17035.114000,93.774900,75.612700,554.000000,581.000000,140.003000,372820.000000,69.800000,2.591500,2.311500,109.532500,192.395468,6.020000,5.160000,86.921367,3.077234,3.458972,3.579881,3.522268
2011-05-31,224.806000,224.175000,204.100000,9.000000,131703.000000,22.970000,9107.800000,0.090000,0.555238,3.168571,0.040000,17035.114000,93.888000,75.668400,561.000000,618.000000,139.900000,372505.000000,74.300000,2.390000,2.177619,100.900476,184.626374,5.780000,4.960000,86.946405,3.458972,3.502318,3.754996,3.451432
2011-06-30,224.806000,224.697000,203.900000,9.100000,131931.000000,23.000000,9182.100000,0.090000,0.410455,3.002273,0.040000,17035.114000,94.172000,75.842500,608.000000,636.000000,139.857000,375587.000000,71.500000,2.246818,1.955455,96.264091,182.801221,5.750000,4.990000,86.941255,3.502318,3.579881,3.812622,3.062067
2011-07-31,225.395000,225.218000,204.600000,9.000000,131992.000000,23.110000,9344.200000,0.070000,0.406500,3.003000,0.040000,17031.313000,94.636000,76.143100,623.000000,621.000000,139.726000,375442.000000,63.700000,2.379500,2.032000,97.303500,185.989009,5.760000,4.930000,86.317805,3.579881,3.754996,3.522268,3.008766
2011-08-31,226.106000,225.862000,203.200000,9.000000,132125.000000,23.060000,9531.000000,0.100000,0.230435,2.303043,0.020000,17031.313000,95.274900,76.566700,585.000000,647.000000,139.303000,375860.000000,55.800000,2.167826,1.769130,86.333043,180.627271,5.360000,4.370000,86.898243,3.754996,3.812622,3.451432,2.898178
2011-09-30,226.597000,226.118000,203.700000,9.000000,132344.000000,23.110000,9551.500000,0.080000,0.211429,1.975238,0.010000,17031.313000,95.196100,76.399200,650.000000,610.000000,138.659000,380042.000000,59.500000,1.897619,1.615714,85.515238,178.015572,5.270000,4.090000,89.725267,3.812622,3.522268,3.062067,2.582875
2011-10-31,226.750000,226.506000,201.100000,8.800000,132553.000000,23.180000,9584.400000,0.070000,0.280500,2.152000,0.020000,17222.583000,95.856800,76.812300,610.000000,671.000000,137.940000,382207.000000,60.800000,1.966000,1.696000,86.322381,173.613141,5.370000,3.980000,90.609845,3.522268,3.451432,3.008766,2.273163
2011-11-30,227.169000,226.899000,201.400000,8.600000,132690.000000,23.190000,9636.500000,0.080000,0.253500,2.013500,0.010000,17222.583000,95.848500,76.678300,711.000000,706.000000,137.139000,383422.000000,63.700000,2.012000,1.761000,97.160476,176.579040,5.140000,3.870000,91.264880,3.451432,3.062067,2.898178,1.737943
2011-12-31,227.223000,227.405000,199.800000,8.500000,132888.000000,23.220000,9683.900000,0.070000,0.257143,1.978095,0.010000,17222.583000,96.357100,76.949500,694.000000,697.000000,136.661000,383985.000000,69.900000,2.009524,1.669524,98.562857,173.003358,5.250000,3.930000,92.205590,3.062067,3.008766,2.582875,1.653870
2012-01-31,227.842000,227.877000,200.700000,8.300000,133246.000000,23.260000,9757.600000,0.080000,0.240500,1.966500,0.030000,17367.010000,96.931800,77.265200,723.000000,712.000000,136.595000,387531.000000,75.000000,2.074500,1.757000,100.273500,176.022111,5.230000,3.850000,91.646265,3.008766,2.898178,2.273163,1.417511
2012-02-29,228.329000,228.034000,201.600000,8.300000,133509.000000,23.280000,9809.800000,0.100000,0.278000,1.967500,0.090000,17367.010000,97.243500,77.367300,704.000000,738.000000,136.521000,392310.000000,75.300000,2.222000,1.945500,102.204000,181.795337,5.140000,3.850000,89.960500,2.898178,2.582875,1.737943,1.685935
2012-03-31,228.807000,228.478000,204.200000,8.200000,133748.000000,23.360000,9853.900000,0.130000,0.344545,2.172727,0.080000,17367.010000,96.740000,76.819400,695.000000,806.000000,137.893000,393698.000000,76.200000,2.314091,2.045909,106.157727,185.618360,5.230000,3.990000,90.511214,2.582875,2.273163,1.653870,1.949717
2012-04-30,229.187000,228.905000,203.700000,8.200000,133825.000000,23.390000,9907.700000,0.140000,0.291905,2.052857,0.080000,17444.525000,97.435900,77.223400,753.000000,732.000000,139.143000,392073.000000,76.400000,2.266667,1.952381,103.321000,182.181854,5.190000,3.960000,90.815610,2.273163,1.737943,1.417511,2.155678
2012-05-31,228.713000,229.224000,201.900000,8.200000,133932.000000,23.410000,9951.400000,0.160000,0.285000,1.803182,0.090000,17444.525000,97.660900,77.254600,708.000000,796.000000,140.144000,391376.000000,79.300000,2.144545,1.885000,94.654545,171.575170,5.070000,3.800000,92.492786,1.737943,1.653870,1.685935,1.796020
2012-06-30,228.524000,229.623000,199.800000,8.200000,134013.000000,23.460000,10021.600000,0.160000,0.291905,1.622381,0.090000,17444.525000,97.666300,77.114900,757.000000,794.000000,141.019000,387901.000000,73.200000,2.122857,1.759048,82.303333,158.372453,5.020000,3.640000,93.880867,1.653870,1.417511,1.949717,1.759505
2012-07-31,228.590000,229.970000,200.100000,8.200000,134157.000000,23.490000,10074.500000,0.160000,0.248095,1.526667,0.100000,17469.650000,97.871300,77.137200,740.000000,849.000000,141.659000,389686.000000,72.300000,2.128571,1.767143,87.895238,164.607249,4.870000,3.400000,93.406167,1.417511,1.685935,2.155678,1.684062
2012-08-31,229.918000,230.233000,202.700000,8.100000,134339.000000,23.480000,10145.600000,0.130000,0.268696,1.678261,0.100000,17469.650000,97.452500,76.672000,754.000000,840.000000,142.269000,394524.000000,74.300000,2.263913,1.906087,94.131304,170.865302,4.910000,3.480000,92.528265,1.685935,1.949717,1.796020,2.018140
2012-09-30,231.015000,230.659000,204.400000,7.800000,134517.000000,23.570000,10226.100000,0.140000,0.255263,1.723158,0.110000,17469.650000,97.381000,76.484600,847.000000,930.000000,142.897000,397681.000000,78.300000,2.436316,2.139474,94.513684,173.076695,4.840000,3.490000,90.980200,1.949717,2.155678,1.759505,1.518747
2012-10-31,231.638000,231.024000,203.500000,7.800000,134669.000000,23.560000,10292.400000,0.160000,0.277143,1.746190,0.100000,17489.852000,97.719300,76.622700,915.000000,887.000000,143.590000,397494.000000,82.600000,2.494762,2.174286,89.491304,170.422704,4.580000,3.470000,90.756630,2.155678,1.796020,1.684062,1.138808
2012-11-30,231.249000,231.330000,201.800000,7.700000,134825.000000,23.630000,10361.900000,0.160000,0.268000,1.654000,0.090000,17489.852000,98.077700,76.780000,833.000000,917.000000,144.574000,399708.000000,82.700000,2.426500,2.048000,86.531429,167.863008,4.510000,3.500000,91.475080,1.796020,1.759505,2.018140,1.390389
2012-12-31,231.221000,231.725000,201.500000,7.900000,135074.000000,23.720000,10484.100000,0.160000,0.257000,1.719000,0.070000,17489.852000,98.310100,76.843500,976.000000,941.000000,145.491000,401093.000000,72.900000,2.476500,2.095500,87.859500,168.226043,4.630000,3.650000,90.880390,1.759505,1.684062,1.518747,1.715794
2013-01-31,231.679000,232.229000,202.500000,8.000000,135257.000000,23.740000,10508.100000,0.140000,0.265238,1.914762,0.070000,17662.400000,98.334200,76.750200,888.000000,940.000000,146.815000,404434.000000,73.800000,2.523333,2.190952,94.756667,171.164740,4.730000,3.800000,90.825514,1.684062,2.018140,1.138808,1.885472
2013-02-28,232.937000,232.569000,204.300000,7.700000,135546.000000,23.780000,10527.500000,0.150000,0.267368,1.984211,0.100000,17662.400000,98.794100,77.002900,962.000000,980.000000,147.772000,409118.000000,77.600000,2.554737,2.233684,95.308947,172.482552,4.850000,3.900000,91.550874,2.018140,1.518747,1.390389,1.538809
2013-03-31,232.282000,232.794000,204.000000,7.500000,135689.000000,23.800000,10583.800000,0.140000,0.256000,1.957500,0.090000,17662.400000,99.192100,77.213500,1010.000000,936.000000,149.952000,406223.000000,78.600000,2.542500,2.246000,92.938500,168.882774,4.850000,3.930000,92.413180,1.518747,1.138808,1.715794,1.094734
2013-04-30,231.797000,232.832000,203.500000,7.600000,135873.000000,23.870000,10611.300000,0.150000,0.232273,1.759091,0.060000,17709.671000,99.106500,77.055300,835.000000,1012.000000,151.509000,404231.000000,76.400000,2.411364,2.090455,92.021364,165.508171,4.590000,3.730000,92.047823,1.138808,1.390389,1.885472,0.876799
2013-05-31,231.893000,232.996000,204.100000,7.500000,136096.000000,23.890000,10646.100000,0.110000,0.250455,1.928182,0.040000,17709.671000,99.183900,77.030700,930.000000,1003.000000,152.841000,406677.000000,84.500000,2.283182,1.981818,94.509545,165.241072,4.730000,3.890000,92.528968,1.390389,1.715794,1.538809,1.232870
2013-06-30,232.445000,233.350000,204.300000,7.500000,136279.000000,23.960000,10703.300000,0.090000,0.333500,2.300000,0.050000,17709.671000,99.389700,77.111900,839.000000,942.000000,154.190000,407921.000000,84.100000,2.048500,1.793000,95.772500,162.972850,5.190000,4.270000,93.283615,1.715794,1.885472,1.094734,1.512838
2013-07-31,232.900000,233.880000,204.400000,7.300000,136391.000000,23.980000,10742.800000,0.090000,0.340909,2.582273,0.040000,17860.450000,99.081400,76.800800,880.000000,997.000000,155.596000,410268.000000,85.100000,2.122273,1.857727,104.670909,164.282295,5.320000,4.340000,93.872386,1.885472,1.538809,0.876799,1.557759
2013-08-31,233.456000,234.336000,204.200000,7.200000,136646.000000,24.020000,10801.200000,0.080000,0.356364,2.737273,0.040000,17860.450000,99.654300,77.177200,917.000000,964.000000,156.952000,409691.000000,82.100000,2.184545,1.853182,106.572727,166.426154,5.420000,4.540000,93.714886,1.538809,1.094734,1.232870,1.120475
2013-09-30,233.544000,234.700000,203.900000,7.200000,136821.000000,24.060000,10862.000000,0.080000,0.404000,2.809500,0.020000,17860.450000,100.161000,77.504600,850.000000,1004.000000,158.215000,410044.000000,77.500000,2.145500,1.767500,106.289500,165.947295,5.470000,4.640000,93.470565,1.094734,0.876799,1.512838,1.612695
2013-10-31,233.669000,234.921000,202.500000,7.200000,137041.000000,24.090000,10986.300000,0.090000,0.335455,2.615909,0.050000,18016.147000,100.082000,77.380200,925.000000,1044.000000,159.234000,411399.000000,73.200000,2.187273,1.777273,100.538261,163.378488,5.310000,4.530000,92.499268,0.876799,1.232870,1.557759,2.015125
2013-11-30,234.100000,235.359000,201.200000,6.900000,137317.000000,24.160000,10995.600000,0.080000,0.303684,2.718421,0.070000,18016.147000,100.315800,77.498800,1100.000000,1029.000000,160.070000,412561.000000,75.100000,2.170526,1.753158,93.864000,161.255419,5.380000,4.630000,93.373668,1.232870,1.512838,1.120475,2.166948
2013-12-31,234.719000,235.759000,202.000000,6.700000,137372.000000,24.180000,11060.100000,0.090000,0.340000,2.901905,0.070000,18016.147000,100.517500,77.592700,1002.000000,1005.000000,160.990000,414812.000000,82.500000,2.163333,1.669524,97.625238,165.032218,5.380000,4.620000,93.534020,1.512838,1.557759,1.612695,2.058982
2014-01-31,235.288000,235.961000,203.800000,6.600000,137561.000000,24.220000,11130.800000,0.070000,0.393810,2.858095,0.040000,17953.974000,100.159900,77.254000,888.000000,976.000000,161.920000,411561.000000,81.200000,2.226190,1.738095,94.617143,163.808146,5.190000,4.490000,94.464748,1.557759,1.120475,2.015125,1.974238
2014-02-28,235.547000,236.185000,205.700000,6.700000,137712.000000,24.330000,11196.800000,0.070000,0.326842,2.709474,0.050000,17953.974000,100.916800,77.774700,944.000000,1039.000000,162.517000,416736.000000,81.600000,2.157368,1.774211,100.817368,168.138762,5.100000,4.450000,94.645582,1.120475,1.612695,2.166948,1.715098
2014-03-31,236.028000,236.625000,207.000000,6.700000,137985.000000,24.310000,11232.600000,0.080000,0.399048,2.723333,0.050000,17953.974000,101.894200,78.462800,970.000000,1067.000000,163.073000,421230.000000,80.000000,2.167619,1.777143,100.803810,167.983494,5.060000,4.380000,94.440821,1.612695,2.015125,2.058982,1.684051
2014-04-30,236.468000,237.072000,208.300000,6.200000,138298.000000,24.340000,11277.700000,0.090000,0.417143,2.705238,0.030000,18185.911000,101.992800,78.470500,1043.000000,1090.000000,163.375000,425546.000000,84.100000,2.162381,1.808571,102.069048,169.384867,4.900000,4.240000,93.995550,2.015125,2.166948,1.974238,1.609542
2014-05-31,236.918000,237.529000,208.000000,6.300000,138513.000000,24.400000,11342.800000,0.090000,0.389048,2.559048,0.030000,18185.911000,102.383600,78.699900,1007.000000,1018.000000,163.640000,426253.000000,81.900000,2.190952,1.935714,102.177143,168.188187,4.760000,4.160000,93.670029,2.166948,2.058982,1.715098,1.231525
2014-06-30,237.231000,237.837000,208.300000,6.100000,138849.000000,24.460000,11398.100000,0.100000,0.452381,2.598571,0.040000,18185.911000,102.735000,78.895200,911.000000,1010.000000,164.049000,427305.000000,82.500000,2.229048,1.970476,105.794286,168.929453,4.800000,4.250000,93.827405,2.058982,1.974238,1.684051,0.653121
2014-07-31,237.498000,238.195000,208.000000,6.200000,139072.000000,24.480000,11453.000000,0.090000,0.506364,2.542273,0.030000,18406.941000,102.963200,78.993300,1085.000000,1076.000000,164.574000,428079.000000,81.800000,2.262727,1.970909,103.588636,165.047534,4.730000,4.160000,93.603859,1.974238,1.715098,1.609542,-0.229931
2014-08-31,237.460000,238.405000,207.000000,6.100000,139269.000000,24.540000,11477.300000,0.090000,0.472381,2.420000,0.030000,18406.941000,102.768800,78.766900,984.000000,1047.000000,165.198000,431379.000000,82.500000,2.196190,1.841429,96.536190,159.376120,4.690000,4.080000,94.580810,1.715098,1.684051,1.231525,-0.087031
2014-09-30,237.477000,238.786000,206.400000,5.900000,139563.000000,24.560000,11519.100000,0.090000,0.566667,2.534286,0.020000,18406.941000,103.064100,78.921800,1023.000000,1077.000000,165.889000,430189.000000,84.600000,2.073333,1.676667,93.211905,154.633072,4.800000,4.110000,96.120867,1.684051,1.609542,0.653121,-0.022031
2014-10-31,237.430000,239.191000,203.400000,5.700000,139798.000000,24.590000,11593.100000,0.090000,0.445455,2.304091,0.020000,18500.031000,103.076400,78.866300,1074.000000,1094.000000,166.626000,431903.000000,86.900000,1.920000,1.481364,84.396957,146.036090,4.690000,3.920000,97.439605,1.609542,1.231525,-0.229931,-0.104031
2014-11-30,236.983000,239.458000,200.900000,5.800000,140089.000000,24.660000,11634.200000,0.090000,0.527222,2.325556,0.020000,18500.031000,103.712600,79.296200,1001.000000,1059.000000,167.320000,433113.000000,88.800000,1.880000,1.477778,75.789474,139.484347,4.790000,3.920000,99.114689,1.231525,0.653121,-0.087031,0.035033
2014-12-31,236.252000,239.584000,197.000000,5.600000,140364.000000,24.630000,11717.600000,0.120000,0.635455,2.207273,0.030000,18500.031000,103.704400,79.241900,1073.000000,1072.000000,168.035000,430110.000000,93.600000,1.696818,1.274545,59.290455,126.194433,4.740000,3.790000,101.444133,0.653121,-0.229931,-0.022031,0.179572
2015-01-31,234.747000,239.811000,192.000000,5.700000,140568.000000,24.740000,11805.200000,0.110000,0.551500,1.881500,0.030000,18666.621000,102.890500,78.580300,1085.000000,1049.000000,168.610000,428208.000000,98.100000,1.607000,1.208500,47.219000,114.034752,4.450000,3.460000,103.760740,-0.229931,-0.087031,-0.104031,0.225686
2015-02-28,235.342000,240.172000,191.100000,5.500000,140827.000000,24.790000,11922.800000,0.110000,0.618947,1.975263,0.020000,18666.621000,102.233500,78.055000,886.000000,1127.000000,169.104000,427119.000000,95.400000,1.715263,1.362105,50.584211,117.195924,4.510000,3.610000,105.168539,-0.087031,-0.022031,0.035033,0.241304
2015-03-31,235.976000,240.755000,191.500000,5.400000,140923.000000,24.850000,11920.500000,0.110000,0.640455,2.042727,0.030000,18666.621000,101.891400,77.780400,960.000000,1072.000000,169.776000,433647.000000,93.000000,1.761818,1.477273,47.823636,113.292391,4.540000,3.640000,107.364738,-0.022031,-0.104031,0.179572,0.008843
2015-04-30,236.222000,241.346000,190.900000,5.400000,141196.000000,24.890000,11954.600000,0.120000,0.540000,1.935000,0.020000,18782.243000,101.335500,77.348700,1190.000000,1166.000000,170.277000,434470.000000,95.900000,1.858182,1.617727,54.452857,114.575166,4.480000,3.520000,106.352282,-0.104031,0.035033,0.225686,0.127617
2015-05-31,237.001000,241.688000,193.400000,5.600000,141538.000000,24.970000,11982.600000,0.120000,0.609000,2.197500,0.020000,18782.243000,100.888300,77.009200,1079.000000,1272.000000,170.860000,437865.000000,90.700000,1.865500,1.639500,59.265000,118.124995,4.890000,3.980000,105.406515,0.035033,0.179572,0.241304,0.436318
2015-06-30,237.657000,242.064000,194.800000,5.300000,141709.000000,24.970000,12023.200000,0.130000,0.688636,2.363636,0.020000,18782.243000,100.571000,76.777400,1205.000000,1379.000000,171.457000,437951.000000,96.100000,1.865909,1.632727,59.819545,115.701119,5.130000,4.190000,106.178986,0.179572,0.225686,0.008843,0.638725
2015-07-31,238.034000,242.565000,193.900000,5.200000,141991.000000,25.010000,12067.000000,0.130000,0.667727,2.324545,0.030000,18857.418000,101.222800,77.292400,1146.000000,1140.000000,172.132000,441942.000000,93.100000,1.820909,1.495455,50.900909,109.338025,5.200000,4.150000,108.123568,0.225686,0.241304,0.127617,1.237503
2015-08-31,238.033000,242.817000,191.900000,5.100000,142125.000000,25.100000,12112.000000,0.140000,0.697619,2.167143,0.070000,18857.418000,101.036700,77.171500,1130.000000,1165.000000,172.909000,441849.000000,91.900000,1.611429,1.229524,42.867619,102.333397,5.190000,4.040000,109.976748,0.241304,0.008843,0.436318,0.847278
2015-09-30,237.498000,243.316000,189.100000,5.000000,142275.000000,25.110000,12173.900000,0.140000,0.713333,2.172857,0.020000,18857.418000,100.754700,76.979100,1224.000000,1144.000000,173.801000,439867.000000,87.200000,1.522857,1.155238,45.479524,101.883408,5.340000,4.070000,110.851257,0.008843,0.127617,0.638725,0.891616
2015-10-31,237.733000,243.768000,187.500000,5.000000,142579.000000,25.200000,12225.200000,0.120000,0.644762,2.070000,0.020000,18892.206000,100.267500,76.628200,1058.000000,1160.000000,174.765000,438693.000000,90.000000,1.498571,1.174286,46.223636,102.035347,5.340000,3.950000,109.903571,0.127617,0.436318,1.237503,1.172626
2015-11-30,238.017000,244.241000,185.700000,5.100000,142808.000000,25.250000,12317.000000,0.120000,0.884737,2.263158,0.120000,18892.206000,99.529800,76.081900,1172.000000,1244.000000,175.710000,440303.000000,91.300000,1.570526,1.266316,42.443500,96.042453,5.460000,4.060000,111.691611,0.436318,0.638725,0.847278,1.078476
2015-12-31,237.761000,244.547000,183.500000,5.000000,143077.000000,25.250000,12387.900000,0.240000,0.982727,2.242727,0.230000,18892.206000,99.041700,75.721400,1146.000000,1211.000000,176.515000,442149.000000,92.600000,1.515000,1.238636,37.188636,90.536138,5.460000,3.970000,112.785741,0.638725,1.237503,0.891616,1.079287
2016-01-31,237.652000,244.955000,182.600000,4.800000,143210.000000,25.370000,12526.200000,0.340000,0.899474,2.085263,0.260000,19001.690000,99.560700,76.124800,1092.000000,1171.000000,177.244000,439466.000000,92.000000,1.420000,1.190526,31.683158,85.271458,5.450000,4.000000,115.234387,1.237503,0.847278,1.172626,0.868363
2016-02-29,237.336000,245.510000,181.300000,4.900000,143406.000000,25.380000,12599.100000,0.380000,0.733500,1.779500,0.310000,19001.690000,99.044500,75.729100,1225.000000,1172.000000,177.625000,443117.000000,91.700000,1.307500,1.083500,30.323000,86.988515,5.340000,3.960000,114.281735,0.847278,0.891616,1.078476,1.055316
2016-03-31,238.080000,245.913000,182.100000,5.000000,143662.000000,25.450000,12649.600000,0.360000,0.875000,1.889091,0.290000,19001.690000,98.309600,75.158700,1111.000000,1118.000000,178.143000,441856.000000,91.000000,1.551818,1.409091,37.546364,93.565182,5.130000,3.820000,111.893391,0.891616,1.172626,1.079287,1.548645
2016-04-30,238.992000,246.551000,183.200000,5.100000,143854.000000,25.530000,12728.700000,0.370000,0.768095,1.805238,0.230000,19062.709000,98.642100,75.396900,1163.000000,1160.000000,178.743000,444254.000000,89.000000,1.614762,1.481905,40.755238,96.926172,4.790000,3.620000,110.017076,1.172626,1.078476,0.868363,1.685925
2016-05-31,239.557000,247.137000,185.300000,4.800000,143900.000000,25.580000,12796.300000,0.370000,0.816190,1.806190,0.270000,19062.709000,98.418400,75.203400,1148.000000,1205.000000,179.403000,445490.000000,94.700000,1.594286,1.520476,46.712381,100.853686,4.680000,3.650000,111.140514,1.078476,1.079287,1.055316,1.684333
2016-06-30,240.222000,247.540000,187.600000,4.900000,144147.000000,25.620000,12856.900000,0.380000,0.731364,1.644091,0.270000,19062.709000,98.883300,75.529800,1203.000000,1208.000000,180.068000,450237.000000,93.500000,1.470000,1.435909,48.757273,103.505475,4.530000,3.500000,111.559627,1.079287,0.868363,1.548645,2.050799
2016-07-31,240.101000,247.829000,187.700000,4.800000,144520.000000,25.690000,12911.300000,0.390000,0.672500,1.504000,0.300000,19197.938000,98.999200,75.583900,1239.000000,1198.000000,180.838000,449789.000000,90.000000,1.465500,1.388500,44.651500,102.800257,4.220000,3.280000,112.477290,0.868363,1.055316,1.685925,2.510393
2016-08-31,240.545000,248.423000,186.600000,4.900000,144661.000000,25.710000,12995.800000,0.400000,0.737391,1.556522,0.300000,19197.938000,98.850000,75.432000,1171.000000,1201.000000,181.823000,449946.000000,89.800000,1.468261,1.303478,44.724348,103.148731,4.240000,3.320000,111.438370,1.055316,1.548645,1.684333,2.810362
2016-09-30,241.176000,248.842000,186.900000,5.000000,144967.000000,25.770000,13056.700000,0.400000,0.770952,1.630476,0.290000,19197.938000,98.745700,75.314500,1068.000000,1303.000000,182.796000,453056.000000,91.200000,1.514762,1.349524,45.182381,103.174317,4.310000,3.410000,112.316862,1.548645,1.685925,2.050799,2.441196
2016-10-31,241.741000,249.142000,186.700000,4.900000,145065.000000,25.900000,13130.000000,0.400000,0.843000,1.764500,0.330000,19304.352000,98.761100,75.291800,1313.000000,1254.000000,183.722000,453847.000000,87.200000,1.667000,1.532500,49.775238,106.743111,4.380000,3.510000,113.474695,1.685925,1.684333,2.510393,2.176223
2016-11-30,242.026000,249.481000,186.300000,4.700000,145183.000000,25.900000,13204.000000,0.410000,0.979500,2.142000,0.450000,19304.352000,98.349100,74.949800,1140.000000,1230.000000,184.730000,453892.000000,93.800000,1.822000,1.661500,45.660952,105.552560,4.710000,3.860000,116.107515,1.684333,2.050799,2.810362,1.856343
2016-12-31,242.637000,249.920000,188.200000,4.700000,145408.000000,25.930000,13248.700000,0.540000,1.196667,2.491905,0.510000,19304.352000,99.021400,75.442400,1252.000000,1248.000000,185.695000,459305.000000,98.200000,1.935714,1.810952,51.970476,111.470536,4.830000,4.060000,117.904829,2.050799,2.510393,2.441196,1.640566
2017-01-31,243.618000,250.467000,190.700000,4.700000,145628.000000,26.000000,13324.300000,0.650000,1.206500,2.432500,0.510000,19398.343000,98.761100,75.233900,1190.000000,1303.000000,186.776000,464412.000000,98.500000,2.011500,1.885500,52.504000,115.691938,4.660000,3.920000,117.785779,2.510393,2.810362,2.176223,1.725107
2017-02-28,244.006000,250.998000,191.600000,4.600000,145846.000000,26.070000,13391.800000,0.660000,1.201053,2.418947,0.520000,19398.343000,98.364600,74.934600,1271.000000,1234.000000,187.292000,464284.000000,96.300000,2.018947,1.886842,53.468421,116.343936,4.640000,3.950000,116.120389,2.810362,2.441196,1.856343,1.928122
2017-03-31,243.892000,250.944000,191.500000,4.400000,145970.000000,26.110000,13452.700000,0.790000,1.313043,2.481739,0.740000,19398.343000,99.013700,75.443900,1190.000000,1272.000000,187.971000,463674.000000,96.900000,1.996087,1.836522,49.327826,110.822901,4.680000,4.010000,115.655848,2.441196,2.176223,1.640566,2.180565
2017-04-30,244.193000,251.227000,193.000000,4.400000,146175.000000,26.180000,13508.700000,0.900000,1.241053,2.297368,0.800000,19506.949000,100.022400,76.239200,1146.000000,1251.000000,188.702000,465276.000000,97.000000,1.906316,1.748421,51.060526,111.101115,4.570000,3.870000,114.769795,2.176223,1.856343,1.725107,2.020758
2017-05-31,244.004000,251.430000,192.800000,4.400000,146380.000000,26.210000,13561.400000,0.910000,1.301818,2.303636,0.890000,19506.949000,100.140800,76.368000,1157.000000,1208.000000,189.588000,462754.000000,97.100000,1.836818,1.746364,48.476364,108.907098,4.550000,3.850000,114.259132,1.856343,1.640566,1.928122,2.172494
2017-06-30,244.163000,251.746000,193.600000,4.300000,146583.000000,26.260000,13583.300000,1.040000,1.342273,2.186818,0.980000,19506.949000,100.347100,76.575800,1249.000000,1353.000000,190.478000,465130.000000,95.000000,1.728636,1.632727,45.177727,105.672052,4.370000,3.680000,112.760273,1.640566,1.725107,2.180565,2.129931
2017-07-31,244.243000,251.985000,193.500000,4.300000,146772.000000,26.350000,13640.400000,1.150000,1.372500,2.318000,1.070000,19660.766000,100.106800,76.453400,1206.000000,1256.000000,191.437000,465089.000000,93.400000,1.772000,1.641500,46.630526,108.206011,4.390000,3.700000,111.060555,1.725107,1.928122,2.020758,2.151319
2017-08-31,245.183000,252.535000,193.800000,4.400000,146919.000000,26.370000,13699.800000,1.160000,1.335217,2.209130,1.010000,19660.766000,99.692500,76.206700,1159.000000,1319.000000,192.621000,466020.000000,96.800000,1.775652,1.614783,48.036957,111.041894,4.310000,3.630000,109.905861,1.928122,2.180565,2.172494,2.263469
2017-09-30,246.435000,252.812000,194.800000,4.300000,147008.000000,26.490000,13748.900000,1.150000,1.384500,2.202000,1.030000,19660.766000,99.795400,76.359100,1181.000000,1273.000000,193.715000,475724.000000,95.100000,1.834000,1.682000,49.822000,114.086274,4.300000,3.630000,108.854245,2.180565,2.020758,2.129931,2.330950
2017-10-31,246.626000,253.526000,194.900000,4.200000,147149.000000,26.500000,13808.100000,1.150000,1.549524,2.360000,1.070000,19882.352000,101.024700,77.375300,1257.000000,1356.000000,194.762000,476107.000000,100.700000,1.861905,1.731429,51.577727,115.557521,4.320000,3.600000,110.889176,2.020758,2.172494,2.151319,2.470996
2017-11-30,247.284000,253.816000,195.900000,4.200000,147372.000000,26.540000,13841.300000,1.160000,1.696667,2.353333,1.230000,19882.352000,101.266400,77.633700,1273.000000,1299.000000,195.914000,480949.000000,98.500000,1.857619,1.752857,56.638571,120.483715,4.270000,3.570000,111.163525,2.172494,2.129931,2.263469,2.781922
2017-12-31,247.805000,254.344000,196.300000,4.100000,147523.000000,26.630000,13899.700000,1.300000,1.844000,2.402500,1.320000,19882.352000,101.464400,77.853800,1177.000000,1311.000000,197.136000,483586.000000,95.900000,1.899500,1.766000,57.881500,121.993457,4.220000,3.510000,110.875810,2.129931,2.151319,2.330950,2.807551
2018-01-31,248.859000,255.204000,197.900000,4.000000,147660.000000,26.720000,13910.200000,1.410000,2.031905,2.583810,1.410000,20044.077000,101.462500,77.913800,1299.000000,1317.000000,198.281000,481414.000000,95.700000,2.043810,1.936667,63.698571,128.435175,4.260000,3.550000,108.356776,2.151319,2.263469,2.470996,2.854125
2018-02-28,249.529000,255.711000,199.300000,4.100000,148054.000000,26.740000,13947.200000,1.420000,2.175263,2.858947,1.570000,20044.077000,101.708500,78.150800,1277.000000,1321.000000,199.209000,484031.000000,99.700000,2.101579,1.965263,62.229474,126.361110,4.510000,3.820000,107.650095,2.263469,2.330950,2.781922,2.642924
2018-03-31,249.577000,256.271000,199.300000,4.000000,148280.000000,26.850000,14003.500000,1.510000,2.275714,2.842381,1.700000,20044.077000,102.206700,78.569700,1318.000000,1385.000000,199.945000,484110.000000,101.400000,2.090476,2.021429,62.724762,126.096254,4.640000,3.870000,107.947175,2.330950,2.470996,2.807551,2.332055
2018-04-30,250.227000,256.630000,200.300000,4.000000,148420.000000,26.910000,14021.400000,1.690000,2.384286,2.869048,1.760000,20150.476000,103.332900,79.459700,1276.000000,1378.000000,200.633000,484154.000000,98.800000,2.127619,2.049524,66.253810,128.084994,4.670000,3.850000,107.943357,2.470996,2.781922,2.854125,2.492032
2018-05-31,250.792000,257.145000,203.200000,3.800000,148742.000000,26.980000,14077.400000,1.700000,2.511818,2.977727,1.860000,20150.476000,102.402400,78.752600,1357.000000,1338.000000,201.393000,491960.000000,98.000000,2.141818,2.101818,69.978182,132.852490,4.830000,4.000000,111.047041,2.781922,2.807551,2.642924,2.147329
2018-06-30,251.018000,257.399000,204.200000,4.000000,148960.000000,27.030000,14137.700000,1.820000,2.533333,2.912381,1.900000,20150.476000,103.198000,79.356000,1192.000000,1345.000000,202.180000,490228.000000,98.200000,2.117619,2.067619,67.873333,131.641942,4.830000,3.960000,112.844419,2.807551,2.854125,2.332055,2.002381
2018-07-31,251.214000,257.699000,204.300000,3.800000,149020.000000,27.100000,14171.100000,1.910000,2.606667,2.889048,1.960000,20276.154000,103.364600,79.458800,1208.000000,1334.000000,202.873000,493142.000000,97.900000,2.114286,2.042381,70.981429,129.828619,4.790000,3.870000,113.059533,2.854125,2.642924,2.492032,1.487589
2018-08-31,251.663000,257.891000,203.400000,3.800000,149277.000000,27.210000,14219.400000,1.910000,2.635652,2.889130,2.030000,20276.154000,104.032700,79.932200,1288.000000,1273.000000,203.635000,493445.000000,96.200000,2.099130,1.982609,68.055652,127.512680,4.770000,3.880000,113.831630,2.642924,2.332055,2.147329,1.518862
2018-09-30,252.182000,258.368000,203.600000,3.700000,149358.000000,27.320000,14253.800000,1.950000,2.767895,3.004211,2.130000,20276.154000,104.100400,79.931400,1250.000000,1314.000000,204.294000,491507.000000,100.100000,2.123158,2.008421,70.232105,131.713929,4.880000,3.980000,114.078663,2.332055,2.492032,2.002381,1.883186
2018-10-31,252.772000,258.917000,204.600000,3.800000,149527.000000,27.370000,14265.400000,2.190000,2.860909,3.152273,2.250000,20304.874000,103.985600,79.780200,1221.000000,1272.000000,205.062000,496416.000000,98.600000,2.111364,1.987273,70.748696,132.826749,5.070000,4.140000,114.831259,2.492032,2.147329,1.487589,2.000583
2018-11-30,252.594000,259.439000,202.300000,3.800000,149617.000000,27.440000,14285.700000,2.200000,2.859000,3.117000,2.330000,20304.874000,104.068100,79.772200,1181.000000,1340.000000,205.636000,498854.000000,97.500000,2.004000,1.844500,56.963500,121.456030,5.220000,4.220000,116.169045,2.147329,2.002381,1.518862,1.795911
2018-12-31,252.767000,260.063000,201.000000,3.900000,149809.000000,27.560000,14407.500000,2.270000,2.676316,2.832632,2.370000,20304.874000,104.093600,79.714200,1095.000000,1317.000000,206.127000,489113.000000,98.300000,1.816316,1.601579,49.522778,115.894099,5.130000,4.020000,116.211805,2.002381,1.487589,1.883186,1.671195
2019-01-31,252.561000,260.766000,199.100000,4.000000,150060.000000,27.590000,14471.500000,2.400000,2.543333,2.713810,2.370000,20431.641000,103.402100,79.102400,1226.000000,1254.000000,206.516000,490440.000000,91.200000,1.793810,1.628095,51.375714,117.018020,5.120000,3.930000,114.442490,1.487589,1.518862,2.000583,1.826331
2019-02-28,253.319000,261.186000,199.200000,3.800000,150067.000000,27.690000,14506.700000,2.400000,2.504211,2.676316,2.390000,20431.641000,102.837100,78.587700,1121.000000,1286.000000,206.835000,491751.000000,93.800000,1.876842,1.757368,54.954737,118.756642,4.950000,3.790000,114.413006,1.518862,1.883186,1.795911,1.737641
2019-03-31,254.277000,261.567000,200.800000,3.800000,150295.000000,27.770000,14550.500000,2.410000,2.409524,2.570952,2.400000,20431.641000,102.875700,78.533700,1191.000000,1295.000000,207.053000,499292.000000,98.400000,1.912857,1.816190,58.151429,119.372708,4.840000,3.770000,114.783519,1.883186,2.000583,1.671195,1.684498
2019-04-30,255.233000,261.997000,202.100000,3.700000,150591.000000,27.790000,14579.000000,2.420000,2.344762,2.532381,2.380000,20602.275000,102.274000,77.989800,1272.000000,1322.000000,207.505000,499343.000000,97.200000,1.936667,1.838571,63.862381,122.774009,4.700000,3.690000,114.903755,2.000583,1.795911,1.826331,1.733974
2019-05-31,255.296000,262.217000,201.700000,3.600000,150618.000000,27.880000,14678.300000,2.390000,2.206364,2.395000,2.350000,20602.275000,102.392000,77.996200,1293.000000,1347.000000,208.113000,504741.000000,100.000000,1.826364,1.708182,60.826818,119.645171,4.630000,3.670000,115.957382,1.795911,1.671195,1.737641,2.092290
2019-06-30,255.213000,262.739000,200.300000,3.600000,150838.000000,27.970000,14798.600000,2.380000,1.814000,2.074000,2.170000,20602.275000,102.437500,77.949300,1243.000000,1299.000000,208.567000,505251.000000,98.200000,1.700000,1.549000,54.657500,114.855352,4.460000,3.420000,115.427070,1.671195,1.826331,1.684498,2.319527
2019-07-31,255.802000,263.280000,200.700000,3.700000,150937.000000,28.030000,14881.800000,2.400000,1.835000,2.059091,2.100000,20843.322000,101.940800,77.493500,1240.000000,1379.000000,209.188000,509091.000000,98.400000,1.752727,1.579545,57.358095,117.383827,4.280000,3.290000,115.077591,1.826331,1.737641,1.733974,2.599768
2019-08-31,256.036000,263.877000,199.200000,3.600000,151169.000000,28.140000,14964.100000,2.130000,1.571364,1.626364,1.950000,20843.322000,102.639000,77.949700,1375.000000,1482.000000,210.010000,512561.000000,89.800000,1.586364,1.380455,54.805909,112.029927,3.870000,2.980000,117.100386,1.737641,1.684498,2.092290,2.341317
2019-09-30,256.430000,264.388000,198.400000,3.500000,151365.000000,28.160000,15062.400000,2.040000,1.648000,1.699500,1.890000,20843.322000,102.291700,77.620500,1311.000000,1469.000000,210.817000,509282.000000,93.200000,1.587000,1.393500,56.947000,114.069358,3.910000,3.030000,117.323920,1.684498,1.733974,2.319527,1.494040
2019-10-31,257.155000,264.970000,198.600000,3.600000,151460.000000,28.240000,15197.300000,1.830000,1.551364,1.706818,1.650000,20985.448000,101.428100,76.909900,1325.000000,1523.000000,211.720000,510648.000000,95.500000,1.560909,1.402273,53.963043,112.633564,3.920000,3.010000,116.746259,1.733974,2.092290,2.599768,0.313047
2019-11-30,257.879000,265.548000,199.000000,3.600000,151667.000000,28.340000,15305.100000,1.550000,1.612632,1.812105,1.540000,20985.448000,101.937200,77.252000,1353.000000,1535.000000,212.760000,514215.000000,96.800000,1.640526,1.548421,57.048947,116.438187,3.940000,3.060000,116.559468,2.092290,2.319527,2.341317,0.198201
2019-12-31,258.630000,266.020000,199.000000,3.600000,151794.000000,28.380000,15373.700000,1.550000,1.613333,1.862857,1.540000,20985.448000,101.700300,77.041600,1548.000000,1443.000000,213.922000,515866.000000,99.300000,1.718095,1.621429,59.816667,119.292769,3.880000,3.010000,115.909610,2.319527,2.599768,1.494040,0.716656
2020-01-31,259.127000,266.716000,199.300000,3.600000,152031.000000,28.430000,15443.200000,1.550000,1.519048,1.757619,1.520000,20709.212000,101.033800,76.519000,1581.000000,1495.000000,215.004000,515119.000000,99.800000,1.720952,1.652381,57.519048,118.820723,3.770000,2.940000,115.279386,2.599768,2.341317,0.313047,0.996865
2020-02-29,259.250000,267.370000,196.700000,3.500000,152293.000000,28.540000,15497.100000,1.580000,1.331053,1.504211,1.520000,20709.212000,101.373500,76.776400,1549.000000,1455.000000,215.852000,515330.000000,101.000000,1.615789,1.581053,50.542632,110.154758,3.610000,2.780000,116.710542,2.341317,1.494040,0.198201,1.281070
2020-03-31,258.076000,267.054000,193.100000,4.400000,150895.000000,28.730000,16025.900000,0.650000,0.448182,0.870000,0.290000,20709.212000,97.407800,73.788700,1266.000000,1346.000000,216.404000,468324.000000,89.100000,0.986818,0.674545,29.207727,93.175349,4.290000,3.020000,121.022741,1.494040,0.313047,0.716656,1.391023
2020-04-30,256.032000,265.746000,185.500000,14.800000,130426.000000,30.040000,17039.100000,0.050000,0.224762,0.657619,0.140000,19077.992000,84.561900,64.084700,936.000000,1076.000000,216.813000,401028.000000,71.800000,1.103333,0.758571,16.547619,85.053367,4.130000,2.430000,123.280345,0.313047,0.198201,0.996865,1.230386
2020-05-31,255.802000,265.412000,188.600000,13.200000,133040.000000,29.720000,17886.400000,0.050000,0.170500,0.674000,0.130000,19077.992000,85.960400,65.187400,1039.000000,1250.000000,216.942000,478449.000000,72.300000,1.115500,0.765000,28.562500,91.725813,3.950000,2.500000,122.615010,0.198201,0.716656,1.281070,1.175745
2020-06-30,257.042000,265.849000,191.200000,11.000000,137671.000000,29.380000,18173.500000,0.080000,0.185000,0.728636,0.160000,19077.992000,91.593400,69.521800,1266.000000,1334.000000,217.488000,518038.000000,78.100000,1.273182,1.014091,38.307273,99.874821,3.640000,2.440000,119.676605,0.716656,0.996865,1.391023,1.320419
2020-07-31,258.352000,267.389000,193.000000,10.200000,139255.000000,29.390000,18330.100000,0.090000,0.148182,0.623636,0.130000,20558.879000,95.025600,72.210300,1526.000000,1546.000000,219.205000,526304.000000,72.500000,1.456364,1.313182,40.710455,102.864494,3.310000,2.140000,118.690050,0.996865,1.281070,1.230386,1.373844
2020-08-31,259.316000,268.422000,194.300000,8.400000,140821.000000,29.490000,18396.300000,0.100000,0.139524,0.650000,0.100000,20558.879000,95.954900,73.019200,1396.000000,1533.000000,222.261000,530735.000000,74.100000,1.661429,1.550476,42.339048,108.670078,3.270000,2.250000,116.945348,1.281070,1.391023,1.175745,1.669817
2020-09-30,259.997000,268.933000,195.500000,7.800000,141770.000000,29.510000,18628.800000,0.090000,0.134762,0.679524,0.110000,20558.879000,95.966900,73.145100,1473.000000,1636.000000,225.712000,541302.000000,80.400000,1.656190,1.532381,39.634286,108.341802,3.360000,2.310000,116.343133,1.391023,1.230386,1.320419,2.667819
2020-10-31,260.319000,269.306000,196.500000,6.900000,142460.000000,29.540000,18783.400000,0.090000,0.149524,0.787143,0.100000,20791.917000,96.739400,73.863600,1543.000000,1613.000000,229.656000,539114.000000,81.800000,1.703810,1.560952,39.395909,111.240989,3.440000,2.350000,115.779814,1.230386,1.175745,1.373844,4.133077
2020-11-30,260.911000,269.981000,198.300000,6.700000,142733.000000,29.640000,19012.100000,0.090000,0.165789,0.870000,0.090000,20791.917000,97.081600,74.263700,1543.000000,1703.000000,233.219000,533941.000000,76.900000,1.712105,1.625263,40.937368,115.210057,3.300000,2.300000,114.098400,1.175745,1.320419,1.669817,4.918257
2020-12-31,262.045000,270.341000,200.500000,6.700000,142548.000000,29.910000,19165.900000,0.090000,0.135909,0.933636,0.090000,20791.917000,98.363000,75.390300,1614.000000,1752.000000,236.543000,538548.000000,80.700000,1.915909,1.865455,47.025000,125.238315,3.160000,2.260000,111.899214,1.320419,1.373844,2.667819,5.295633
2021-01-31,262.687000,270.387000,204.800000,6.400000,142863.000000,29.930000,19392.500000,0.090000,0.131053,1.081053,0.080000,21082.134000,98.882200,75.940100,1630.000000,1855.000000,239.642000,559230.000000,79.000000,2.081579,2.103158,52.008421,136.961600,3.240000,2.450000,111.487272,1.373844,1.669817,4.133077,5.245169
2021-02-28,263.579000,270.793000,210.600000,6.200000,143380.000000,30.050000,19628.200000,0.080000,0.115263,1.257895,0.040000,21082.134000,95.614900,73.572500,1404.000000,1711.000000,242.358000,544891.000000,76.800000,2.180000,2.311579,59.046316,137.974648,3.420000,2.700000,112.017053,1.669817,2.667819,4.918257,5.152015
2021-03-31,264.961000,271.459000,215.000000,6.100000,144232.000000,30.030000,19852.200000,0.070000,0.146957,1.610870,0.030000,21082.134000,98.385600,75.847200,1696.000000,1756.000000,245.458000,603581.000000,84.900000,2.275217,2.496957,62.333043,141.015585,3.740000,3.040000,113.336643,2.667819,4.133077,5.295633,5.351216
2021-04-30,266.614000,273.660000,217.900000,6.100000,144587.000000,30.220000,20189.000000,0.070000,0.163182,1.635000,0.020000,21440.929000,98.558700,76.121600,1495.000000,1721.000000,249.044000,608961.000000,88.300000,2.349545,2.529545,61.716667,145.218636,3.600000,2.900000,112.632286,4.133077,4.918257,5.245169,6.235042
2021-05-31,268.383000,275.465000,224.900000,5.800000,145065.000000,30.410000,20457.000000,0.060000,0.155000,1.621000,0.020000,21440.929000,99.433300,76.931000,1589.000000,1703.000000,253.290000,605282.000000,82.900000,2.468000,2.649500,65.169500,155.185638,3.620000,2.960000,111.212270,4.918257,5.295633,5.152015,6.901970
2021-06-30,270.654000,277.651000,228.900000,5.900000,145820.000000,30.540000,20499.200000,0.080000,0.202727,1.519091,0.040000,21440.929000,99.798700,77.336700,1650.000000,1654.000000,258.093000,611950.000000,85.500000,2.342727,2.464545,71.378182,160.780176,3.440000,2.790000,111.577695,5.295633,5.245169,5.351216,7.174340
2021-07-31,271.903000,278.648000,231.850000,5.400000,146762.000000,30.660000,20654.400000,0.100000,0.219524,1.318571,0.050000,21617.828000,100.251900,77.797200,1597.000000,1658.000000,262.464000,601817.000000,81.200000,2.327619,2.496667,72.485238,164.829960,3.240000,2.570000,113.063319,5.245169,5.152015,6.235042,7.558806
2021-08-31,272.676000,278.997000,233.415000,5.100000,147314.000000,30.780000,20837.000000,0.090000,0.217273,1.283182,0.050000,21617.828000,100.043700,77.730800,1594.000000,1736.000000,266.583000,605533.000000,70.300000,2.348636,2.493636,67.730455,163.188647,3.240000,2.550000,113.402536,5.152015,5.351216,6.901970,7.937279
2021-09-30,273.910000,279.698000,235.678000,4.700000,147771.000000,30.980000,21004.600000,0.080000,0.240952,1.374762,0.040000,21617.828000,98.857900,76.887100,1577.000000,1640.000000,270.160000,609671.000000,72.800000,2.344286,2.496667,71.646190,171.579879,3.230000,2.530000,113.443748,5.351216,6.235042,7.174340,8.572205
2021-10-31,276.550000,281.668000,240.465000,4.500000,148572.000000,31.140000,21168.000000,0.080000,0.392500,1.582500,0.050000,21988.737000,100.186100,77.983800,1579.000000,1707.000000,273.615000,618573.000000,71.700000,2.535000,2.745000,81.476667,191.498414,3.350000,2.680000,114.063485,6.235042,6.901970,7.558806,8.231751
2021-11-30,278.919000,283.406000,243.287000,4.100000,149230.000000,31.230000,21337.900000,0.080000,0.508000,1.559500,0.050000,21988.737000,100.865400,78.562000,1705.000000,1765.000000,277.315000,624874.000000,67.400000,2.616000,2.982500,79.147500,183.104967,3.280000,2.620000,114.989795,6.901970,7.174340,7.937279,8.538171
2021-12-31,280.845000,285.180000,241.338000,3.900000,149816.000000,31.390000,21494.000000,0.080000,0.680000,1.465000,0.060000,21988.737000,100.572600,78.368700,1722.000000,1919.000000,281.568000,619938.000000,70.600000,2.458182,2.749091,71.711818,186.693289,3.300000,2.650000,115.804538,7.174340,7.558806,8.572205,8.979361
2022-01-31,282.543000,286.757000,246.453000,4.000000,150006.000000,31.600000,21614.000000,0.080000,0.980500,1.764000,0.150000,21932.710000,100.185600,78.088000,1702.000000,1920.000000,286.137000,631509.000000,67.200000,2.449500,2.797000,83.222000,192.245259,3.580000,2.930000,115.037280,7.558806,7.937279,8.231751,8.462577
2022-02-28,284.500000,288.273000,252.660000,3.900000,150825.000000,31.640000,21712.700000,0.080000,1.435263,1.934211,0.330000,21932.710000,100.806400,78.577700,1735.000000,1857.000000,291.110000,638101.000000,62.800000,2.457895,2.870526,91.641053,203.492270,3.970000,3.250000,114.997742,7.937279,8.572205,8.538171,8.222579
2022-03-31,287.674000,289.056000,260.014000,3.700000,151315.000000,31.800000,21749.800000,0.200000,1.909565,2.127826,0.440000,21932.710000,101.390700,79.025300,1712.000000,1868.000000,296.345000,651027.000000,59.400000,2.846522,3.410870,108.502609,239.873877,4.290000,3.430000,116.290839,8.572205,8.231751,8.979361,8.192107
2022-04-30,288.561000,290.514000,265.310000,3.700000,151623.000000,31.960000,21780.300000,0.330000,2.538000,2.747500,0.760000,21967.045000,101.440000,79.041800,1820.000000,1859.000000,300.378000,660194.000000,65.200000,2.884000,3.315500,101.777500,228.287686,4.660000,3.760000,117.168795,8.231751,8.538171,8.462577,7.758814
2022-05-31,291.298000,292.063000,273.251000,3.600000,151924.000000,32.100000,21723.200000,0.770000,2.616667,2.898095,0.980000,21967.045000,101.333500,78.922400,1531.000000,1704.000000,303.352000,659847.000000,58.400000,2.688571,3.027143,109.552381,226.329535,5.120000,4.130000,119.696190,8.538171,8.979361,8.222579,7.122856
2022-06-30,294.957000,294.050000,280.251000,3.600000,152358.000000,32.190000,21676.800000,1.210000,2.998095,3.143333,1.490000,21967.045000,101.018000,78.625900,1551.000000,1737.000000,304.146000,666113.000000,50.000000,2.617619,2.893333,114.837143,231.613135,5.270000,4.240000,120.025710,8.979361,8.462577,8.192107,6.404600
2022-07-31,294.913000,295.088000,272.274000,3.500000,153072.000000,32.340000,21676.500000,1.680000,3.036000,2.896000,2.230000,22125.625000,101.223000,78.720400,1381.000000,1703.000000,303.207000,659550.000000,51.500000,2.362000,2.583500,101.619000,229.471588,5.210000,4.060000,122.751200,8.462577,8.222579,7.758814,6.327179
2022-08-31,295.097000,296.535000,269.546000,3.600000,153362.000000,32.440000,21644.000000,2.330000,3.250000,2.897826,2.630000,22125.625000,101.096300,78.543800,1531.000000,1557.000000,300.977000,663566.000000,58.200000,2.508261,2.683913,93.665217,241.934979,5.150000,4.070000,122.317752,8.222579,8.192107,7.122856,5.957821
2022-09-30,296.349000,298.226000,267.898000,3.500000,153582.000000,32.570000,21560.600000,2.560000,3.856667,3.519048,3.130000,22125.625000,101.291800,78.608700,1488.000000,1600.000000,299.027000,661854.000000,58.600000,2.382381,2.450476,84.258095,220.020763,5.690000,4.590000,125.594600,8.192107,7.758814,6.404600,4.917719
2022-10-31,298.007000,299.399000,265.061000,3.600000,153939.000000,32.700000,21465.800000,3.080000,4.375000,3.983500,3.720000,22278.345000,101.252900,78.484300,1435.000000,1594.000000,298.773000,668671.000000,59.900000,2.393500,2.470500,87.554762,191.361973,6.260000,5.100000,127.480605,7.758814,7.122856,6.327179,4.950080
2022-11-30,298.786000,300.325000,263.157000,3.600000,154242.000000,32.820000,21408.600000,3.780000,4.503500,3.891000,4.150000,22278.345000,100.955200,78.154400,1424.000000,1401.000000,298.465000,659458.000000,56.700000,2.371000,2.444500,84.370476,192.038204,6.070000,4.900000,124.852720,7.122856,6.404600,5.957821,4.131851
2022-12-31,298.832000,301.394000,257.897000,3.500000,154342.000000,32.940000,21266.400000,4.100000,4.288571,3.616190,4.250000,22278.345000,99.766400,77.133400,1308.000000,1410.000000,297.837000,651763.000000,59.800000,2.259524,2.316667,76.437143,194.335480,5.590000,4.430000,122.234329,6.404600,6.327179,4.917719,3.070617
2023-01-31,300.420000,302.642000,260.227000,3.500000,154776.000000,33.020000,21249.400000,4.330000,4.207500,3.531500,4.540000,22439.607000,100.505000,77.601000,1361.000000,1410.000000,297.428000,680253.000000,64.900000,2.237000,2.234000,78.123000,182.623690,5.500000,4.400000,119.810065,6.327179,5.957821,4.950080,3.287749
2023-02-28,301.450000,304.123000,258.669000,3.600000,155066.000000,33.150000,21226.900000,4.570000,4.533684,3.746842,4.650000,22439.607000,100.641600,77.607800,1399.000000,1618.000000,297.701000,672152.000000,66.900000,2.333684,2.446842,76.832632,174.580402,5.590000,4.560000,120.308374,5.957821,4.917719,4.131851,3.722505
2023-03-31,301.821000,305.147000,257.062000,3.500000,155134.000000,33.270000,20917.400000,4.650000,4.302609,3.663043,4.690000,22439.607000,101.020500,77.803600,1377.000000,1480.000000,298.780000,665071.000000,62.000000,2.302174,2.377826,73.277826,168.294429,5.710000,4.600000,120.745013,4.917719,4.950080,3.070617,3.687207
2023-04-30,302.845000,306.534000,256.908000,3.400000,155375.000000,33.430000,20770.400000,4.830000,4.016000,3.460000,4.920000,22580.499000,101.253000,77.888000,1354.000000,1474.000000,300.202000,670494.000000,63.700000,2.266500,2.308000,79.446316,170.754328,5.530000,4.470000,119.245145,4.950080,4.131851,3.287749,3.251266
2023-05-31,303.334000,307.652000,253.670000,3.600000,155655.000000,33.500000,20840.800000,5.060000,4.131818,3.573636,5.140000,22580.499000,100.928600,77.549600,1584.000000,1575.000000,302.170000,673902.000000,59.000000,2.213636,2.155455,71.578182,157.143021,5.770000,4.670000,119.629255,4.131851,3.070617,3.722505,3.133346
2023-06-30,304.014000,308.322000,253.860000,3.600000,155880.000000,33.690000,20823.800000,5.080000,4.639524,3.748095,5.160000,22580.499000,100.119600,76.846700,1421.000000,1464.000000,304.163000,677117.000000,64.200000,2.200476,2.139524,70.248095,154.056029,5.750000,4.650000,119.296952,3.070617,3.287749,3.687207,3.315910
2023-07-31,304.609000,308.960000,253.835000,3.500000,156043.000000,33.850000,20815.500000,5.120000,4.828500,3.899500,5.250000,22840.989000,100.906700,77.377300,1460.000000,1522.000000,306.340000,678424.000000,71.500000,2.296500,2.207500,76.069500,157.889841,5.740000,4.660000,118.049165,3.287749,3.722505,3.251266,3.088343
2023-08-31,306.082000,309.580000,257.680000,3.700000,156261.000000,33.890000,20792.500000,5.330000,4.901739,4.167826,5.300000,22840.989000,100.839300,77.258800,1317.000000,1561.000000,309.006000,684755.000000,69.400000,2.335217,2.239565,81.386087,161.276736,6.020000,4.950000,119.856348,3.722505,3.687207,3.133346,3.157074
2023-09-30,307.276000,310.539000,258.934000,3.700000,156417.000000,34.010000,20771.800000,5.330000,5.022000,4.379000,5.320000,22840.989000,101.021100,77.337500,1371.000000,1537.000000,311.208000,689403.000000,67.800000,2.342000,2.253500,89.425000,168.618796,6.160000,5.130000,121.645530,3.687207,3.251266,3.315910,3.486835
2023-10-31,307.696000,311.457000,255.192000,3.900000,156576.000000,34.080000,20737.100000,5.330000,5.067619,4.798095,5.340000,23033.780000,100.468900,76.859000,1368.000000,1528.000000,313.277000,686148.000000,63.800000,2.386190,2.310000,85.639524,167.899928,6.630000,5.610000,123.497148,3.251266,3.133346,3.088343,3.360795
2023-11-30,308.148000,312.392000,252.856000,3.700000,156703.000000,34.170000,20743.400000,5.330000,4.882381,4.502857,5.270000,23033.780000,100.863900,77.108100,1514.000000,1503.000000,314.118000,685328.000000,61.300000,2.304286,2.247143,77.685000,165.109215,6.290000,5.280000,121.222120,3.133346,3.315910,3.157074,3.244279
2023-12-31,308.741000,313.195000,249.866000,3.800000,156857.000000,34.290000,20745.100000,5.330000,4.457000,4.020000,5.240000,23033.780000,100.603100,76.858000,1521.000000,1519.000000,315.033000,686277.000000,69.700000,2.184500,2.127500,71.900000,159.532622,5.640000,4.740000,119.833140,3.315910,3.088343,3.486835,2.970258
2024-01-31,309.698000,314.319000,251.306000,3.700000,157032.000000,34.470000,20815.300000,5.330000,4.322857,4.058095,5.220000,23082.119000,99.222300,75.754200,1381.000000,1545.000000,315.983000,680456.000000,79.000000,2.266190,2.224762,74.152381,159.327607,5.680000,4.870000,120.227357,3.088343,3.157074,3.360795,2.941476
2024-02-29,310.967000,315.564000,254.926000,3.900000,157238.000000,34.520000,20903.000000,5.330000,4.544000,4.207500,5.240000,23082.119000,100.285000,76.515700,1552.000000,1577.000000,317.204000,685280.000000,76.900000,2.282500,2.317000,77.249000,158.635914,5.770000,5.030000,121.065940,3.157074,3.486835,3.244279,2.607144
2024-03-31,312.345000,316.792000,255.095000,3.900000,157466.000000,34.650000,20943.800000,5.330000,4.588000,4.208500,5.240000,23082.119000,100.457500,76.596400,1312.000000,1476.000000,318.265000,687641.000000,79.400000,2.311500,2.381000,81.278000,163.069964,5.750000,5.010000,120.658833,3.486835,3.360795,2.970258,2.426483
2024-04-30,313.023000,317.649000,256.978000,3.900000,157530.000000,34.760000,20969.900000,5.330000,4.873182,4.539091,5.240000,23286.508000,100.243400,76.380300,1385.000000,1459.000000,319.286000,687602.000000,77.200000,2.394091,2.451364,85.347273,170.397344,6.000000,5.280000,122.142814,3.360795,3.244279,2.941476,2.578844
2024-05-31,313.175000,318.095000,255.313000,3.900000,157608.000000,34.890000,21032.000000,5.330000,4.856364,4.482273,5.250000,23286.508000,100.863000,76.796100,1316.000000,1407.000000,320.104000,692774.000000,69.100000,2.334091,2.333182,80.024545,168.676104,5.950000,5.250000,121.858341,3.244279,2.970258,2.607144,2.719472
2024-06-30,313.044000,318.390000,255.914000,4.100000,157695.000000,35.010000,21094.600000,5.330000,4.736842,4.305263,5.240000,23286.508000,100.894000,76.758600,1327.000000,1461.000000,320.706000,692449.000000,68.200000,2.255263,2.214211,79.767368,166.747262,5.820000,5.130000,123.709479,2.970258,2.941476,2.426483,2.870691
2024-07-31,313.569000,318.940000,257.321000,4.200000,157748.000000,35.080000,21122.600000,5.330000,4.495909,4.248636,5.200000,23478.570000,99.975700,75.994600,1265.000000,1436.000000,321.366000,698835.000000,66.400000,2.274545,2.184545,81.800455,166.122982,5.840000,5.120000,123.382436,2.941476,2.607144,2.578844,2.990978
2024-08-31,314.062000,319.750000,255.463000,4.200000,157757.000000,35.220000,21204.700000,5.330000,3.965455,3.870909,5.050000,23478.570000,100.430900,76.269700,1391.000000,1476.000000,322.239000,697039.000000,67.900000,2.110000,1.973182,76.683182,164.153968,5.600000,4.870000,122.613741,2.607144,2.426483,2.719472,2.801583
2024-09-30,314.732000,320.732000,252.682000,4.100000,157912.000000,35.340000,21289.000000,5.130000,3.622500,3.723500,4.720000,23478.570000,99.808400,75.721600,1357.000000,1434.000000,323.380000,703055.000000,70.100000,2.107500,1.967000,70.236000,161.300216,5.420000,4.680000,121.884855,2.426483,2.578844,2.870691,2.381981
2024-10-31,315.631000,321.731000,253.081000,4.100000,157945.000000,35.460000,21337.000000,4.830000,3.972273,4.095455,4.510000,23586.542000,99.469500,75.385200,1352.000000,1428.000000,324.541000,708290.000000,70.500000,2.285909,2.231364,71.985000,166.521416,5.630000,4.950000,123.595291,2.578844,2.719472,2.990978,2.325388
2024-11-30,316.528000,322.657000,253.211000,4.200000,158079.000000,35.600000,21440.000000,4.640000,4.257368,4.355789,4.420000,23586.542000,99.292500,75.168100,1295.000000,1508.000000,325.945000,711853.000000,71.800000,2.321053,2.387895,69.950000,166.231413,5.780000,5.140000,126.311337,2.719472,2.870691,2.801583,2.377265
2024-12-31,317.604000,323.259000,253.423000,4.100000,158316.000000,35.690000,21458.400000,4.480000,4.225714,4.391429,4.270000,23586.542000,100.327300,75.865100,1514.000000,1480.000000,327.791000,717265.000000,74.000000,2.303333,2.363810,70.118095,166.628935,5.800000,5.200000,127.575781,2.870691,2.990978,2.381981,2.680454
2025-01-31,318.961000,324.638000,257.360000,4.000000,158268.000000,35.840000,21519.700000,4.330000,4.271905,4.629048,4.210000,23548.210000,100.064700,75.578100,1358.000000,1460.000000,329.169000,711095.000000,71.700000,2.400476,2.490476,75.742500,172.777315,6.080000,5.460000,128.836952,2.990978,2.801583,2.325388,2.742618
2025-02-28,319.679000,325.465000,259.498000,4.200000,158310.000000,35.940000,21587.500000,4.330000,4.210000,4.451053,4.220000,23548.210000,101.099300,76.268500,1490.000000,1454.000000,329.787000,711757.000000,64.700000,2.424211,2.607368,71.533158,172.019477,5.920000,5.320000,127.875832,2.801583,2.381981,2.377265,2.938592
2025-03-31,319.785000,325.690000,258.525000,4.200000,158377.000000,36.110000,21657.800000,4.330000,3.970000,4.280476,4.200000,23548.210000,101.040400,76.131800,1355.000000,1481.000000,329.124000,722572.000000,57.000000,2.334286,2.532381,68.239048,167.375419,5.930000,5.290000,126.243043,2.381981,2.325388,2.680454,3.022572
2025-05-31,320.620000,326.893000,258.678000,4.300000,158498.000000,36.280000,21849.500000,4.330000,3.920000,4.423810,4.250000,23770.976000,100.965500,75.889400,1282.000000,1394.000000,327.593000,716101.000000,52.200000,2.313333,2.383810,62.167619,160.709283,6.290000,5.540000,122.342162,2.377265,2.680454,2.938592,2.696444
2025-06-30,321.435000,327.658000,260.491000,4.100000,158478.000000,36.360000,21967.800000,4.330000,3.889000,4.383500,4.230000,23770.976000,101.478500,76.181000,1382.000000,1393.000000,326.878000,723033.000000,60.700000,2.297000,2.325500,68.169000,165.969407,6.150000,5.460000,120.593870,2.680454,2.742618,3.022572,2.653304
2025-08-31,323.291000,329.700000,262.110000,4.300000,158472.000000,36.620000,22105.500000,4.330000,3.703810,4.264762,4.120000,24026.834000,101.624700,76.105500,1291.000000,1330.000000,326.973000,731700.000000,58.200000,2.381905,2.438571,64.864286,162.934571,6.000000,5.350000,120.575843,2.938592,3.022572,2.696444,2.434004
